Unique_Id,Model_Name,Selling_Price,Age_Months,Country_Assembly
1,TOYOTA Corolla 2.0 D4D HATCHB TERRA 2/3-Doors,13500,23,IT
2,TOYOTA Corolla 2.0 D4D HATCHB TERRA 2/3-Doors,13750,23,FR
3,TOYOTA Corolla 2.0 D4D HATCHB TERRA 2/3-Doors,13950,24,ES
4,TOYOTA Corolla 2.0 D4D HATCHB TERRA 2/3-Doors,14950,26,JP
5,TOYOTA Corolla 2.0 D4D HATCHB SOL 2/3-Doors,13750,30,IT
6,TOYOTA Corolla 2.0 D4D HATCHB SOL 2/3-Doors,12950,32,IN
7,TOYOTA Corolla 2.0 D4D 90 3DR TERRA 2/3-Doors,16900,27,DE
8,TOYOTA Corolla 2.0 D4D 90 3DR TERRA 2/3-Doors,18600,30,IT
9,TOYOTA Corolla 1800 T SPORT VVT I 2/3-Doors,21500,27,ES
10,TOYOTA Corolla 1.9 D HATCHB TERRA 2/3-Doors,12950,23,JP
11,TOYOTA Corolla 1.8 VVTL-i T-Sport 3-Drs 2/3-Doors,20950,25,FR
12,TOYOTA Corolla 1.8 16V VVTLI 3DR T SPORT BNS 2/3-Doors,19950,22,ES
13,TOYOTA Corolla 1.8 16V VVTLI 3DR T SPORT 2/3-Doors,19600,25,ES
14,TOYOTA Corolla 1.8 16V VVTLI 3DR T SPORT 2/3-Doors,21500,31,DE
15,TOYOTA Corolla 1.8 16V VVTLI 3DR T SPORT 2/3-Doors,22500,32,US
16,TOYOTA Corolla 1.8 16V VVTLI 3DR T SPORT 2/3-Doors,22000,28,JP
17,TOYOTA Corolla 1.8 16V VVTLI 3DR T SPORT 2/3-Doors,22750,30,UK
18,TOYOTA Corolla 1.6 VVTI Linea Terra Comfort 2/3-Doors,17950,24,ES
19,TOYOTA Corolla 1.6 16v L.SOL 2/3-Doors,16750,24,US
20,TOYOTA Corolla 1.6 16V VVT I 3DR TERRA 2/3-Doors,16950,30,UK
21,TOYOTA Corolla 1.6 16V VVT I 3DR TERRA 2/3-Doors,15950,30,JP
22,TOYOTA Corolla 1.6 16V VVT I 3DR SOL AUT4 2/3-Doors,16950,29,CN
23,TOYOTA Corolla 1.6 16V VVT I 3DR SOL 2/3-Doors,15950,28,IN
24,TOYOTA Corolla 1.6 16V VVT I 3DR SOL 2/3-Doors,16950,28,US
25,TOYOTA Corolla 1.6 16V VVT I 3DR SOL 2/3-Doors,16250,29,KR
26,TOYOTA Corolla 1.6 16V VVT I 3DR SOL 2/3-Doors,15950,25,CN
27,TOYOTA Corolla 1.6 16V VVT I 3DR SOL 2/3-Doors,17495,27,IN
28,TOYOTA Corolla 1.6 16V VVT I 3DR SOL 2/3-Doors,15750,29,DE
29,TOYOTA Corolla 1.6 16V VVT I 3DR SOL 2/3-Doors,16950,28,IT
30,TOYOTA Corolla 1.6 16V VVT I 3DR SOL 2/3-Doors,17950,30,FR
31,TOYOTA Corolla 1.4 VVTI Linea Terra 2/3-Doors,12950,29,KR
32,TOYOTA Corolla 1.4 16V VVT I 3DR TERRA COMFORT 2/3-Doors,15750,22,DE
33,TOYOTA Corolla 1.4 16V VVT I 3DR TERRA COMFORT 2/3-Doors,15950,27,JP
34,TOYOTA Corolla 1.4 16V VVT I 3DR TERRA COMFORT 2/3-Doors,14950,26,DE
35,TOYOTA Corolla 1.4 16V VVT I 3DR TERRA COMFORT 2/3-Doors,15500,22,IT
36,TOYOTA Corolla 1.4 16V VVT I 3DR TERRA COMFORT 2/3-Doors,15750,26,JP
37,TOYOTA Corolla 1.4 16V VVT I 3DR TERRA COMFORT 2/3-Doors,15950,25,KR
38,TOYOTA Corolla 1.4 16V VVT I 3DR TERRA 2/3-Doors,14950,23,IT
39,TOYOTA Corolla 1.4 16V VVT I 3DR TERRA 2/3-Doors,15750,32,UK
40,TOYOTA Corolla 1.4 16V VVT I 3DR 2/3-Doors,14750,27,FR
41,TOYOTA Corolla 1.4 16V VVT I 3DR 2/3-Doors,13950,22,KR
42,TOYOTA Corolla 1.4 16V VVT I 3DR 2/3-Doors,16750,27,UK
43,TOYOTA Corolla 1.4 16V VVT I 3DR 2/3-Doors,13950,22,IN
44,TOYOTA Corolla 2.0 D4D 90 5DR TERRA COMFORT 4/5-Doors,16950,27,KR
45,TOYOTA Corolla 2.0 D4D 90 5DR TERRA COMFORT 4/5-Doors,16950,22,IN
46,TOYOTA Corolla 2.0 D4D 90 5DR SOL 4/5-Doors,19000,23,JP
47,TOYOTA Corolla 2.0 D4D 90 5DR TERRA 4/5-Doors,17950,27,UK
48,TOYOTA Corolla 1.4 16V VVT I 5DR TERRA COMFORT 4/5-Doors,15800,22,FR
49,TOYOTA Corolla 2.0 D4D 90 5DR TERRA COMFORT 4/5-Doors,17950,22,IT
50,TOYOTA Corolla 1.8 16V VVTLI 5DR T SPORT 4/5-Doors,21950,31,ES
51,TOYOTA Corolla 2.0 D4D 90 5DR TERRA COMFORT 4/5-Doors,17950,22,DE
52,TOYOTA Corolla 1.4 16V VVT I 5DR TERRA 4/5-Doors,15750,30,CN
53,TOYOTA Corolla 1.6 16V VVT I 5DR SOL AUT4 4/5-Doors,20500,26,FR
54,TOYOTA Corolla 1.8 VVTL-i T-Sport 4/5-Doors,21950,27,UK
55,TOYOTA Corolla 1.6 16V VVT I 5DR TERRA AUT4 4/5-Doors,15500,25,ES
56,TOYOTA Corolla 1.6 16V VVT I LIFTB LUNA 4/5-Doors,13250,32,FR
57,TOYOTA Corolla 1.4 16V VVT I 5DR TERRA 4/5-Doors,15250,28,UK
58,TOYOTA Corolla 1.4 16V VVT I 5DR TERRA COMFORT 4/5-Doors,15250,26,US
59,TOYOTA Corolla 1.6 16V VVT I 5DR SOL AUT4 4/5-Doors,18950,23,US
60,TOYOTA Corolla 1.6 16V VVT I 5DR SOL 4/5-Doors,15999,30,IN
61,TOYOTA Corolla 1.4 16V VVT I 5DR TERRA COMFORT 4/5-Doors,14950,22,FR
62,TOYOTA Corolla 1.6 16V VVT I 5DR SOL 4/5-Doors,16500,27,US
63,TOYOTA Corolla 1.6 16V VVT I 5DR SOL 4/5-Doors,18750,31,UK
64,TOYOTA Corolla 1.6 16V VVT I 5DR SOL 4/5-Doors,17950,30,IN
65,TOYOTA Corolla 1.4 16V VVT I 5DR TERRA COMFORT 4/5-Doors,17950,27,UK
66,TOYOTA Corolla 1.6 VVT-I 5DR LINEA SOL 4/5-Doors,16950,26,IN
67,TOYOTA Corolla 1.6 16V VVT I 5DR SOL 4/5-Doors,18950,28,FR
68,TOYOTA Corolla 1.4 16V VVT I 5DR TERRA COMFORT 4/5-Doors,14950,22,ES
69,TOYOTA Corolla 2.0 D4D 110 5DR SOL 4/5-Doors,22250,22,IT
70,TOYOTA Corolla 1.4 16V VVT I 5DR TERRA 4/5-Doors,15950,25,KR
71,TOYOTA Corolla 1.4 16V VVT I 5DR TERRA 4/5-Doors,15950,28,ES
72,TOYOTA Corolla 1.4 16V VVT I LIFTB TERRA 4/5-Doors,12995,32,JP
73,TOYOTA Corolla 1.6 16V VVT I 5DR SOL 4/5-Doors,18950,28,UK
74,TOYOTA Corolla 1.4 16V VVT I 5DR 4/5-Doors,15750,23,JP
75,TOYOTA Corolla 1.6 16V VVT I 5DR SOL 4/5-Doors,19950,28,ES
76,TOYOTA Corolla 1.6 16V VVT I 5DR TERRA COMFORT 4/5-Doors,16950,23,IN
77,TOYOTA Corolla 1.6 16V VVT I 5DR SOL 4/5-Doors,18750,31,KR
78,TOYOTA Corolla 1.6 16V VVT I 5DR TERRA 4/5-Doors,18450,27,KR
79,TOYOTA Corolla 1.6 16V VVT I 5DR TERRA 4/5-Doors,16895,29,CN
80,TOYOTA Corolla 1.4 16V VVT I 5DR TERRA 4/5-Doors,14900,30,KR
81,TOYOTA Corolla 1.6 5drs 1 4/5-Doors,18950,25,IT
82,TOYOTA Corolla 1.6 16V VVT I 5DR TERRA 4/5-Doors,17250,29,KR
83,TOYOTA Corolla 1.4 16V VVT I 5DR 4/5-Doors,15450,25,ES
84,TOYOTA Corolla 1.6 16V VVT I 5DR SOL AUT4 4/5-Doors,17950,31,CN
85,TOYOTA Corolla 1.4 16V VVT I 5DR TERRA COMFORT 4/5-Doors,16650,25,ES
86,TOYOTA Corolla 1.6 16V VVT I 5DR SOL 4/5-Doors,17450,28,ES
87,TOYOTA Corolla 1.4 VVTI  (Nw type) 4/5-Doors,14900,30,DE
88,TOYOTA Corolla 2.0 D4D 90 3DR TERRA COMF BNS 2/3-Doors,17950,20,CN
89,TOYOTA Corolla 1.4 16V VVT I 3DR TERRA COMFORT 2/3-Doors,15950,19,ES
90,TOYOTA Corolla 2.0 D4D 110 3DR SOL 2/3-Doors,21950,19,DE
91,TOYOTA Corolla 1.4 16V VVT I 3DR TERRA COMFORT 2/3-Doors,16450,20,DE
92,TOYOTA Corolla 2.0 D4D 90 3DR SOL BNS 2/3-Doors,22250,20,CN
93,TOYOTA Corolla 2.0 D 4D Linea Sol 3 Doors 2/3-Doors,19950,16,JP
94,TOYOTA Corolla 1.4 16V VVT I 3DR TERRA COMFORT 2/3-Doors,15950,20,IN
95,TOYOTA Corolla 1.6 16v VVT-i Linea Sol 2/3-Doors,18900,20,IT
96,TOYOTA Corolla 2.0 D4D Linea Sol 3 Doors 2/3-Doors,19950,17,IN
97,TOYOTA Corolla 1.4 16V VVT I 3DR TERRA COMFORT 2/3-Doors,15950,19,KR
98,TOYOTA Corolla 1.4 16V VVT I 3DR TERRA COMFORT 2/3-Doors,15950,19,IT
99,TOYOTA Corolla 1.6 16V VVT I 3DR SOL 2/3-Doors,18750,11,KR
100,TOYOTA Corolla 1.4 16V VVT I 3DR TERRA COMFORT 2/3-Doors,17450,18,ES
101,TOYOTA Corolla 1.6 16V VVT I 3DR SOL 2/3-Doors,18990,20,UK
102,TOYOTA Corolla 1.4 16V VVT I 3DR TERRA COMFORT 2/3-Doors,16250,19,CN
103,TOYOTA Corolla 1.4 VVT-i Sol 2/3-Doors,18500,13,IT
104,TOYOTA Corolla 1.6 16V VVT I 3DR TERRA COMFORT 2/3-Doors,18500,11,IT
105,TOYOTA Corolla 1.6 16V VVT I 3DR TERRA COMF AUT 2/3-Doors,19450,11,ES
106,TOYOTA Corolla 1.4 16V VVT I 3DR TERRA COMFORT 2/3-Doors,16950,19,JP
107,TOYOTA Corolla 1.6 VVT-i Linea Terra Comfort 2/3-Doors,18800,14,DE
108,TOYOTA Corolla 1.4 16V VVT I 3DR 2/3-Doors,17450,17,ES
109,TOYOTA Corolla 1.6 16V VVT I 3DR TERRA COMFORT 2/3-Doors,17950,20,US
111,TOYOTA Corolla VERSO 2.0 D4D SOL (7) BNS MPV,32500,4,DE
112,TOYOTA Corolla VERSO 2.0 D4D SOL (7) MPV,31000,4,CN
113,TOYOTA Corolla VERSO 2.0 D4D SOL (7) MPV,31275,4,DE
114,TOYOTA Corolla VERSO 2.0 D4D LINEA SOL MPV,24950,8,JP
115,TOYOTA Corolla VERSO 2.0 D4D LINEA SOL MPV,24950,8,DE
116,TOYOTA Corolla 2.0 D4D 116 5DR LUNA 4/5-Doors,22950,7,CN
117,TOYOTA Corolla 2.0 D4D 90 WAGON SOL Stationwagen,24990,8,JP
118,TOYOTA Corolla 2.0 D4D 90 5DR SOL 4/5-Doors,21950,8,IN
119,TOYOTA Corolla 1.6 16V VVT I 3DR TERRA COMFORT 2/3-Doors,17900,7,IT
120,TOYOTA Corolla 2.0 D4D 90 5DR TERRA COMFORT 4/5-Doors,19250,20,IT
121,TOYOTA Corolla 2.0 D4D 110 5DR EXEC BNS 4/5-Doors,22250,17,KR
122,TOYOTA Corolla 1.6 16V VVT I 5DR TERRA COMFORT 4/5-Doors,18950,13,IN
123,TOYOTA Corolla 2.0 D4D Linea Terra Comfort 4/5-Doors,19950,19,IN
124,TOYOTA Corolla 1.6 16V VVT I 5DR TERRA 4/5-Doors,16350,14,DE
125,TOYOTA Corolla 1.6 16V VVT I 5DR SOL 4/5-Doors,18950,20,IT
126,TOYOTA Corolla 1.6 16V VVT I 5DR SOL 4/5-Doors,16950,17,CN
127,TOYOTA Corolla 1.6 16V VVT I 5DR EXEC 4/5-Doors,21750,16,FR
128,TOYOTA Corolla 1.6 VVT-i Linea Sol 4/5-Doors,15950,20,FR
129,TOYOTA Corolla 1.4 16V VVT I 5DR TERRA COMFORT 4/5-Doors,16500,20,JP
130,TOYOTA Corolla 1.4 16V VVT I 5DR SOL 4/5-Doors,17950,17,IT
131,TOYOTA Corolla 1.6 vvt-i nw model comfort airco 5drs 4/5-Doors,15850,13,IT
132,TOYOTA Corolla 1.4 16V VVT I 5DR TERRA COMFORT 4/5-Doors,16250,20,FR
133,TOYOTA Corolla 1.4 16V VVT I 5DR TERRA COMFORT 4/5-Doors,15950,20,IT
134,TOYOTA Corolla 1.4 16V VVT I 5DR TERRA COMFORT 4/5-Doors,16250,19,DE
135,TOYOTA Corolla 1 6-16v VVT-i Linea Terra Comfort Airco 5drs 4/5-Doors,15950,13,US
136,TOYOTA Corolla 1.4 16V VVT I 5DR TERRA COMFORT 4/5-Doors,16500,20,UK
137,TOYOTA Corolla 1.4 16V VVT I 5DR TERRA COMFORT 4/5-Doors,16500,19,IN
138,TOYOTA Corolla 1.4 16V VVT I 5DR SOL 4/5-Doors,18450,19,KR
139,TOYOTA Corolla 1.6 terra comfort 5drs airco 4/5-Doors,16250,13,JP
140,TOYOTA Corolla Luna 5drs D4D116 PK 4/5-Doors,23000,11,US
141,TOYOTA Corolla 1.6i 16V VVT I SOL + Navigatie 4/5-Doors,19900,20,FR
142,TOYOTA Corolla 1.4 16V VVT I 5DR TERRA COMFORT 4/5-Doors,16450,20,IN
143,TOYOTA Corolla 1.8 VVTL-i T-Sport 3-Drs 4/5-Doors,23950,19,IT
144,TOYOTA Corolla 1.6 16V VVT I 5DR SOL 4/5-Doors,19950,13,KR
145,TOYOTA Corolla 1.6 16V VVT I SEDAN TERRA COMF 4/5-Doors,18500,16,IT
146,TOYOTA Corolla 1.6 16V VVT I 5DR SOL 4/5-Doors,18950,15,CN
147,TOYOTA Corolla 1.4 16V VVT I 5DR TERRA 4/5-Doors,16450,16,CN
148,TOYOTA Corolla 1.6 16V VVT I 5DR TERRA COMF AUT 4/5-Doors,20500,20,KR
149,TOYOTA Corolla 1.6 16V VVT I 5DR EXEC BNS 4/5-Doors,24500,13,KR
150,TOYOTA Corolla 1.6 16V VVT I 5DR SOL 4/5-Doors,19450,19,FR
151,TOYOTA Corolla 1.6 16V VVT I SEDAN SOL AUT4 4/5-Doors,20950,14,KR
152,TOYOTA Corolla 1.4 16V VVT I 5DR TERRA COMFORT 4/5-Doors,17200,20,DE
153,TOYOTA Corolla 1.6 16V VVT I 5DR SOL BNS 4/5-Doors,19950,19,IT
154,TOYOTA Corolla 1.4 16V VVT I 5DR LUNA BNS 4/5-Doors,18450,10,US
155,TOYOTA Corolla 1.6 16V VVT I 5DR TERRA COMFORT 4/5-Doors,19500,12,ES
156,TOYOTA Corolla 1.6 16V VVT I 5DR EXEC 4/5-Doors,21750,13,KR
157,TOYOTA Corolla 1.4 16V VVT I SEDAN TERRA COMF 4/5-Doors,16868,15,JP
158,TOYOTA Corolla 1.6 16V VVT I SEDAN SOL 4/5-Doors,19500,16,CN
159,TOYOTA Corolla 1.6 16V VVT I 5DR TERRA COMFORT 4/5-Doors,18900,11,DE
160,TOYOTA Corolla 1.6 16V VVT I 5DR SOL 4/5-Doors,19750,17,IN
161,TOYOTA Corolla 1.6 16V VVT I 5DR SOL AUT4 4/5-Doors,19750,16,ES
162,TOYOTA Corolla 1.6 16V VVT I SEDAN SOL 4/5-Doors,18950,16,US
163,TOYOTA Corolla 1.6 16v VVTi Linea Sol 4/5-Doors,20750,17,ES
164,TOYOTA Corolla 1.6 16V VVT I 5DR TERRA COMFORT 4/5-Doors,19600,9,KR
165,TOYOTA Corolla 1.6 16v VVTi Terra Comfort 4/5-Doors,19500,14,FR
166,TOYOTA Corolla 1.4 16V VVT I 5DR TERRA COMFORT 4/5-Doors,17650,11,CN
167,TOYOTA Corolla 1.6 16V VVT I 5DR SOL 4/5-Doors,19950,14,CN
168,TOYOTA Corolla 1.6 16V VVT I 5DR EXEC 4/5-Doors,19950,14,IN
169,TOYOTA Corolla 1.6 16V VVT I SEDAN SOL BNS AUT4 4/5-Doors,20950,14,FR
170,TOYOTA Corolla 1.6 16V VVT I 5DR SOL 4/5-Doors,20500,12,IT
171,TOYOTA Corolla 1.4-16v VVT-i Linea Terra Comfort NIEUW AIRCO 4/5-Doors,17795,9,UK
172,TOYOTA Corolla 1.6-16v VVT-i Linea Terra Comfort AIRCO NIEUW 5DRS 4/5-Doors,18245,9,DE
173,TOYOTA Corolla 1.6-16v VVT-i Executive B.edition 4/5-Doors,23750,8,CN
174,TOYOTA Corolla 1.4 16V VVT I 5DR LUNA 4/5-Doors,19500,8,JP
175,TOYOTA Corolla 1.4 16V VVT I 5DR LUNA 4/5-Doors,18950,8,CN
176,TOYOTA Corolla 1.6 16V VVT I 5DR SOL 4/5-Doors,21950,8,ES
177,TOYOTA Corolla 1.6 16V VVT I 5DR SOL 4/5-Doors,19950,8,CN
178,TOYOTA Corolla 1.6 16V VVT I 5DR TERRA COMFORT 4/5-Doors,18950,8,CN
179,TOYOTA Corolla 1.6 16V VVT I 5DR TERRA 4/5-Doors,19950,7,UK
180,TOYOTA Corolla 1.6 16V VVT I 5DR SOL 4/5-Doors,21950,8,UK
181,TOYOTA Corolla 1.6 16V VVT I 5DR EXEC 4/5-Doors,22500,6,US
182,TOYOTA Corolla 1.6 VVT-I 5DR LINEA TERRA 4/5-Doors,18500,7,IT
183,TOYOTA Corolla 1.4 16V VVT I 5DR TERRA COMFORT 4/5-Doors,18700,7,JP
184,TOYOTA Corolla 1.4 16V 5DR TERRA 4/5-Doors,21125,2,CN
185,TOYOTA Corolla 1.6 16V VVT I 5DR SOL 4/5-Doors,21500,2,CN
186,TOYOTA Corolla 1.4-16v VVT-i Linea Terra Comfort NIEUW AIRCO 4/5-Doors,17795,1,DE
187,TOYOTA Corolla 1.6-16v VVT-i Linea Terra Comfort NIEUW AIRCO 5drs 4/5-Doors,18245,1,UK
188,TOYOTA Corolla 1.9 D HATCHB SOL 2/3-Doors,6950,43,JP
189,TOYOTA Corolla 2.0 D4D SEDAN SOL 4/5-Doors,9500,38,IN
190,TOYOTA Corolla 2.0 D4D LIFTB SOL 4/5-Doors,11950,40,US
191,TOYOTA Corolla 1.6 16V VVT I HATCHB TERRA 2/3-Doors,7750,43,IT
192,TOYOTA Corolla 1.9 D HATCHB TERRA 2/3-Doors,11950,40,FR
193,TOYOTA Corolla 1.8D Stationwagen,4350,44,IT
194,TOYOTA Corolla 1.8D 4/5-Doors,4750,44,ES
195,TOYOTA Corolla 1.9 D LIFTB TERRA 4/5-Doors,11750,40,CN
196,TOYOTA Corolla 1.9 D WAGON TERRA Stationwagen,13250,41,US
197,TOYOTA Corolla 1.6 16V VVT I LIFTB LUNA 4/5-Doors,11950,37,ES
198,TOYOTA Corolla 1.9 D Sedan 4/5-Doors,11900,44,JP
199,TOYOTA Corolla 2.0 D4D LIFTB SOL 4/5-Doors,14750,39,FR
200,TOYOTA Corolla 1.4 16V VVT I HATCHB TERRA 2/3-Doors,9950,42,UK
201,TOYOTA Corolla 1.6 16V VVT I LIFTB TERRA 4/5-Doors,11950,39,US
202,TOYOTA Corolla 1.6 16V VVT I LIFTB TERRA 4/5-Doors,11495,44,US
203,TOYOTA Corolla 1.4 VVTI Linea Terra 2/3-Doors,11250,40,CN
204,TOYOTA Corolla 1.6 16V VVT I LIFTB LUNA 4/5-Doors,10500,42,KR
205,TOYOTA Corolla 1.9 D HATCHB SOL 2/3-Doors,10450,35,US
206,TOYOTA Corolla 19D LB Linea Terra 4/5-Doors,12950,43,DE
207,TOYOTA Corolla 1.6 16V VVT I HATCHB SOL 2/3-Doors,11500,44,FR
208,TOYOTA Corolla 1.6 16V VVT I LIFTB TERRA 4/5-Doors,12500,40,FR
209,TOYOTA Corolla 1.4 16V VVT I LIFTB TERRA 4/5-Doors,10950,43,DE
210,TOYOTA Corolla 1.6 16V VVT I LIFTB SOL 4/5-Doors,11450,41,IN
211,TOYOTA Corolla 1.6 16V VVT I LIFTB SOL 4/5-Doors,11950,37,DE
212,TOYOTA Corolla 1.9 D WAGON TERRA Stationwagen,13250,41,DE
213,TOYOTA Corolla 2.0 D4D LIFTB SOL 4/5-Doors,14750,40,FR
214,TOYOTA Corolla 1.6 16V VVT I LIFTB LUNA AUT4 4/5-Doors,11790,34,IT
215,TOYOTA Corolla 1.6 16V VVT I LIFTB TERRA 4/5-Doors,11450,40,FR
216,TOYOTA Corolla 2.0 D4D HATCHB SOL 2/3-Doors,13500,33,KR
217,TOYOTA Corolla 1.6 16V VVT I LIFTB LUNA 4/5-Doors,10950,33,CN
218,TOYOTA Corolla 1.9 D HATCHB TERRA 2/3-Doors,13500,33,ES
219,TOYOTA Corolla 1.4 16V VVT I HATCHB TERRA 2/3-Doors,10950,41,IT
220,TOYOTA Corolla 1.4 16V VVT I HATCHB TERRA 2/3-Doors,10950,44,UK
221,TOYOTA Corolla 1.6 16V VVT I LIFTB LUNA 4/5-Doors,12950,38,ES
222,TOYOTA Corolla 1.6 Terra LB 4/5-Doors,11950,43,CN
223,TOYOTA Corolla 1.6 HB LINEA SOL 4/5-Doors,12450,44,KR
224,TOYOTA Corolla 1.6 16V VVT I LIFTB LUNA 4/5-Doors,11950,40,KR
225,TOYOTA Corolla 1.6 16V VVT I SEDAN TERRA 4/5-Doors,14950,44,UK
226,TOYOTA Corolla 1.6 16V VVT I LIFTB TERRA 4/5-Doors,12450,35,IT
227,TOYOTA Corolla 1.6 16V VVT I WAGON BLUE Stationwagen,12950,38,IN
228,TOYOTA Corolla 1.6 16V VVT I HATCHB TERRA 2/3-Doors,11950,35,DE
229,TOYOTA Corolla 1.4 16V VVT I LIFTB LUNA 4/5-Doors,11690,34,IT
230,TOYOTA Corolla 1.6 16V VVT I LIFTB SOL 4/5-Doors,12450,42,IN
231,TOYOTA Corolla 1.4 16V VVT I LIFTB LUNA 4/5-Doors,12750,36,KR
232,TOYOTA Corolla 1.4 16V VVT I HATCHB TERRA 2/3-Doors,11925,44,FR
233,TOYOTA Corolla LIFTBACK 1.6-16v Linea Luna 4/5-Doors,12950,33,CN
234,TOYOTA Corolla 1.4 16V VVT I HATCHB SOL 2/3-Doors,11950,42,UK
235,TOYOTA Corolla 1.6 16V VVT I HATCHB SOL 2/3-Doors,12900,41,CN
236,TOYOTA Corolla 1.6 16V VVT I LIFTB TERRA 4/5-Doors,11900,41,JP
237,TOYOTA Corolla 1.6 16V VVT I LIFTB TERRA 4/5-Doors,11650,38,JP
238,TOYOTA Corolla 1.6 VVTI Linea Terra liftback 4/5-Doors,10950,44,IT
239,TOYOTA Corolla 1.9 D HB SOL 2/3-Doors,13950,35,KR
240,TOYOTA Corolla 1.6 16V VVT I LIFTB SOL AUT4 4/5-Doors,13950,44,KR
241,TOYOTA Corolla 1.6 VVT-i Linea Sol 4/5-Doors,11950,40,DE
242,TOYOTA Corolla 1.6 16V VVT I LIFTB TERRA 4/5-Doors,10950,38,DE
243,TOYOTA Corolla 1.6 16V VVT I HATCHB G6 2/3-Doors,12450,38,DE
244,TOYOTA Corolla 1.6 16V VVT I HATCHB SOL 2/3-Doors,11950,43,FR
245,TOYOTA Corolla 2.0 D4D HATCHB TERRA 2/3-Doors,13500,33,ES
246,TOYOTA Corolla 1.6 16V VVT I LIFTB LUNA 4/5-Doors,11690,33,US
247,TOYOTA Corolla 1.6 16V VVT I LIFTB LUNA 4/5-Doors,13500,39,ES
248,TOYOTA Corolla 1.6 16V HATCHB LINEA TERRA 2/3-Doors,11950,42,CN
249,TOYOTA Corolla 1.6 16V VVT I SEDAN TERRA 4/5-Doors,12900,39,ES
250,TOYOTA Corolla 1.6 16V WAGON LINEA TERRA Stationwagen,13500,43,FR
251,TOYOTA Corolla 1.6 GL LB 4/5-Doors,11750,42,CN
252,TOYOTA Corolla 1.6 16V VVT I LIFTB TERRA 4/5-Doors,11750,33,ES
253,TOYOTA Corolla 1.6 16V VVT I SEDAN TERRA 4/5-Doors,10850,43,FR
254,TOYOTA Corolla 1.6 16V VVT I LIFTB TERRA 4/5-Doors,11750,43,US
255,TOYOTA Corolla 1.6 16V VVT I LIFTB LUNA AUT4 4/5-Doors,14950,42,ES
256,TOYOTA Corolla 1.6 Terra 5-Doors Liftback 4/5-Doors,9940,39,FR
257,TOYOTA Corolla 1.6-16v Linea Terra LB 4/5-Doors,12900,42,DE
258,TOYOTA Corolla 1.6I Luna liftback 4/5-Doors,13500,38,KR
259,TOYOTA Corolla 1.4 16V VVT I HATCHB TERRA 2/3-Doors,11750,44,DE
260,TOYOTA Corolla 1.4 16V VVT I HATCHB TERRA 2/3-Doors,11950,44,KR
261,TOYOTA Corolla 1.6 16V VVT I LIFTB LUNA 4/5-Doors,13450,33,UK
262,TOYOTA Corolla 1.4 16V VVT I HATCHB TERRA 2/3-Doors,11950,41,UK
263,TOYOTA Corolla 1.6 16V VVT I WAGON TERRA Stationwagen,12495,39,UK
264,TOYOTA Corolla 1.6 Linea Terra Sedan 4/5-Doors,13500,41,US
265,TOYOTA Corolla 1.6 16V VVT I LIFTB TERRA 4/5-Doors,12750,40,DE
266,TOYOTA Corolla 1.4 16V VVT I LIFTB LUNA 4/5-Doors,12000,39,KR
267,TOYOTA Corolla 1.6 16V VVT I LIFTB LUNA 4/5-Doors,11950,38,FR
268,TOYOTA Corolla 1.6 16V VVT I LIFTB SOL 4/5-Doors,12495,44,CN
269,TOYOTA Corolla 1.6 16V VVT I HATCHB TERRA 2/3-Doors,12450,34,FR
270,TOYOTA Corolla 2.0 D4D LIFTB SOL 4/5-Doors,14750,40,CN
271,TOYOTA Corolla 1.6 16V VVT I HATCHB TERRA 2/3-Doors,10950,39,JP
272,TOYOTA Corolla 1.9 D HATCHB TERRA 2/3-Doors,13500,33,FR
273,TOYOTA Corolla 1.6 16V VVT I WAGON TERRA Stationwagen,12950,38,ES
274,TOYOTA Corolla 1.9 D HATCHB TERRA 2/3-Doors,13500,35,ES
275,TOYOTA Corolla 1.6 16V VVT I SEDAN TERRA 4/5-Doors,13450,34,IT
276,TOYOTA Corolla 1.6 Terra LB 4/5-Doors,13500,43,DE
277,TOYOTA Corolla 1.6 16V VVT I WAGON TERRA Stationwagen,11480,41,CN
278,TOYOTA Corolla 1.4 16V VVT I LIFTB LUNA 4/5-Doors,13450,39,CN
279,TOYOTA Corolla 1.6 16V VVT I HATCHB TERRA 2/3-Doors,11495,39,DE
280,TOYOTA Corolla 1.4 VVTI L.Terra HB 4/5-Doors,12750,43,US
281,TOYOTA Corolla 1.6 16V VVT I HATCHB G6 2/3-Doors,14990,38,IT
282,TOYOTA Corolla 1.4 16V VVT I LIFTB LUNA 4/5-Doors,12950,35,US
283,TOYOTA Corolla 1.6 16V VVT I LIFTB SOL 4/5-Doors,12950,40,US
284,TOYOTA Corolla 1.4 LB LINEA TERRA 4/5-Doors,12850,39,US
285,TOYOTA Corolla 1.6 16V VVT I LIFTB LUNA AUT4 4/5-Doors,13950,40,DE
286,TOYOTA Corolla 1.6 16V VVT I LIFTB TERRA 4/5-Doors,11950,41,US
287,TOYOTA Corolla 1.6 16V VVT I LIFTB LUNA 4/5-Doors,12950,39,ES
288,TOYOTA Corolla 1.6 16V VVT I LIFTB TERRA 4/5-Doors,11700,40,UK
289,TOYOTA Corolla 1.4 16V VVT I HATCHB TERRA 2/3-Doors,9950,37,JP
290,TOYOTA Corolla 1.4 16V VVT I LIFTB TERRA 4/5-Doors,11895,44,CN
291,TOYOTA Corolla 1.6 16V VVT I WAGON BLUE Stationwagen,12950,43,CN
292,TOYOTA Corolla 1.6 16V VVT I HATCHB TERRA 2/3-Doors,12500,36,JP
293,TOYOTA Corolla 1.6 16V VVT I LIFTB LUNA 4/5-Doors,13875,39,DE
294,TOYOTA Corolla 1.6 16V HATCHB LINEA TERRA 2/3-Doors,10500,35,FR
295,TOYOTA Corolla 1.6 16V VVT I LIFTB LUNA 4/5-Doors,12295,33,DE
296,TOYOTA Corolla 1.6 16V VVT I LIFTB SOL 4/5-Doors,13950,42,CN
297,TOYOTA Corolla 1.6 16V VVT I HATCHB TERRA 2/3-Doors,10950,38,CN
298,TOYOTA Corolla 1.6 16V VVT I LIFTB TERRA 4/5-Doors,12950,44,JP
299,TOYOTA Corolla 1.6 16V VVT I LIFTB SOL 4/5-Doors,12850,40,US
300,TOYOTA Corolla 1.6 16V VVT I LIFTB LUNA 4/5-Doors,13995,35,DE
301,TOYOTA Corolla 1.6 16V VVT I HATCHB G6 2/3-Doors,13750,39,KR
302,TOYOTA Corolla 1.6 16V VVT I LIFTB TERRA 4/5-Doors,12750,37,JP
303,TOYOTA Corolla 1.6 16V VVT I HATCHB SOL 2/3-Doors,12500,41,ES
304,TOYOTA Corolla 1.6 16V VVT I HATCHB G6 2/3-Doors,13950,43,CN
305,TOYOTA Corolla 1.4 16V VVT I HATCHB TERRA 2/3-Doors,11500,39,JP
306,TOYOTA Corolla 1.4 16V VVT I LIFTB TERRA 4/5-Doors,13950,44,DE
307,TOYOTA Corolla 1.4 16V VVT I LIFTB TERRA 4/5-Doors,11895,41,CN
308,TOYOTA Corolla 1.4 16V VVT I HATCHB TERRA 2/3-Doors,9950,44,FR
309,TOYOTA Corolla 1.6 16v VVTi Terra Comfort 2/3-Doors,13500,42,JP
310,TOYOTA Corolla 1.4 16V VVT I HATCHB TERRA 2/3-Doors,11450,37,IT
311,TOYOTA Corolla 1.6 16V VVT I LIFTB LUNA 4/5-Doors,12450,42,CN
312,TOYOTA Corolla 1.6 16V VVT I LIFTB SOL 4/5-Doors,12950,40,DE
313,TOYOTA Corolla 1.6 16V VVT I LIFTB SOL 4/5-Doors,13995,44,UK
314,TOYOTA Corolla 1.4 16V VVT I HATCHB TERRA 2/3-Doors,11750,42,KR
315,TOYOTA Corolla 1.4 16V VVT I LIFTB LUNA 4/5-Doors,11650,39,IN
316,TOYOTA Corolla 1.4 16V VVT I HATCHB SOL 2/3-Doors,9950,43,US
317,TOYOTA Corolla 1.6 16V VVT I LIFTB LUNA 4/5-Doors,13950,41,IN
318,TOYOTA Corolla 1.6 16V VVT I LIFTB SOL 4/5-Doors,12950,44,DE
319,TOYOTA Corolla 1.4 16V VVT I HATCHB TERRA 2/3-Doors,10950,38,ES
320,TOYOTA Corolla 1.4 16V VVT I HATCHB TERRA 2/3-Doors,9900,42,ES
321,TOYOTA Corolla 1.6 SDN LINEA TERRA 4/5-Doors,11950,44,UK
322,TOYOTA Corolla 1.6 16V VVT I HATCHB G6 4/5-Doors,11990,40,US
323,TOYOTA Corolla 1.6 16V VVT I LIFTB LUNA 4/5-Doors,10750,36,IT
324,TOYOTA Corolla 1.6 VVTi Linea terra 4/5-Doors,13950,37,UK
325,TOYOTA Corolla 1.6 16V VVT I HATCHB TERRA 2/3-Doors,11250,44,IN
326,TOYOTA Corolla 1.6 16V VVT I LIFTB LUNA 4/5-Doors,12950,39,UK
327,TOYOTA Corolla 1.6 16V VVT I LIFTB TERRA 4/5-Doors,11950,41,IN
328,TOYOTA Corolla 1.4 16V VVT I HATCHB TERRA 2/3-Doors,10950,42,CN
329,TOYOTA Corolla 1.6 16V VVT I LIFTB LUNA 4/5-Doors,12950,33,ES
330,TOYOTA Corolla 1.6 16V VVT I LIFTB LUNA 4/5-Doors,12950,35,CN
331,TOYOTA Corolla 1.6 16V VVT I LIFTB TERRA 4/5-Doors,11695,43,KR
332,TOYOTA Corolla 1.6v VVT-i Linea Sol 4/5-Doors,11000,41,US
333,TOYOTA Corolla 1.6 16V VVT I LIFTB SOL 4/5-Doors,13950,35,IT
334,TOYOTA Corolla 1.6 16V VVT I LIFTB TERRA 4/5-Doors,11950,38,IN
335,TOYOTA Corolla 1.6 16V VVT I HATCHB TERRA 2/3-Doors,11750,40,IT
336,TOYOTA Corolla 1.4 16V VVT I LIFTB LUNA 4/5-Doors,12400,34,IN
337,TOYOTA Corolla 1.6 16V VVT I HATCHB TERRA 2/3-Doors,12500,35,DE
339,TOYOTA Corolla 1.6I LIFTBACK 4/5-Doors,12900,33,UK
340,TOYOTA Corolla 1.6 16V VVT I HATCHB SOL 2/3-Doors,12200,41,KR
341,TOYOTA Corolla 1.6 16V VVT I HATCHB TERRA 2/3-Doors,12750,43,ES
342,TOYOTA Corolla 1.6 16V VVT I LIFTB TERRA 4/5-Doors,11950,42,IN
343,TOYOTA Corolla Liftback 1.6 VVTI 4/5-Doors,11900,41,IT
344,TOYOTA Corolla 1.6 16V VVT I HATCHB TERRA AUT4 2/3-Doors,11950,44,KR
345,TOYOTA Corolla 1.6 16V VVT I HATCHB G6 2/3-Doors,14950,42,FR
346,TOYOTA Corolla 1.4 16V VVT I LIFTB LUNA 4/5-Doors,11950,41,FR
347,TOYOTA Corolla 1.6 16V VVT I LIFTB TERRA 4/5-Doors,12950,33,CN
348,TOYOTA Corolla 1.6 16V VVT I HATCHB G6 4/5-Doors,14950,41,ES
349,TOYOTA Corolla 1.6 16V VVT I HATCHB TERRA 2/3-Doors,13450,40,DE
350,TOYOTA Corolla 1.6 16V VVT I LIFTB LUNA 4/5-Doors,13750,38,IT
351,TOYOTA Corolla 1.6 16V VVT I HATCHB TERRA 2/3-Doors,12950,43,UK
352,TOYOTA Corolla 1.6 Terra LB Comf. 4/5-Doors,12750,33,UK
353,TOYOTA Corolla 1.4 16V VVT I LIFTB TERRA 4/5-Doors,11895,39,IT
354,TOYOTA Corolla 1.4 16V VVT I LIFTB TERRA 4/5-Doors,9950,42,US
355,TOYOTA Corolla 1.6 16V VVT I LIFTB TERRA 4/5-Doors,12450,38,DE
356,TOYOTA Corolla 1.4 16V VVT I LIFTB LUNA 4/5-Doors,12500,38,KR
357,TOYOTA Corolla 1.6 16V VVT I HATCHB SOL 2/3-Doors,14950,43,IN
358,TOYOTA Corolla 1.6 16V VVT I LIFTB SOL 4/5-Doors,13750,39,US
359,TOYOTA Corolla 1.6 16V VVT I SEDAN TERRA AUT4 4/5-Doors,12695,39,IN
360,TOYOTA Corolla 1.6 16V VVT I HATCHB G6 2/3-Doors,14990,33,IN
361,TOYOTA Corolla 1.6 16V VVT I LIFTB SOL 4/5-Doors,12750,43,US
362,TOYOTA Corolla 1.6 VVTi Terra Comfort 4/5-Doors,14350,41,CN
363,TOYOTA Corolla 1.6 16V VVT I HATCHB TERRA 2/3-Doors,12950,39,FR
364,TOYOTA Corolla 1.4 16V VVT I HATCHB TERRA 2/3-Doors,11500,35,IN
365,TOYOTA Corolla 1.4 16V VVT I HATCHB TERRA 2/3-Doors,11950,41,US
366,TOYOTA Corolla 1.6 16V VVT I LIFTB LUNA 4/5-Doors,13450,40,US
367,TOYOTA Corolla 1.6 16V VVT I LIFTB LUNA 4/5-Doors,12900,38,JP
368,TOYOTA Corolla 1.3 16V LIFTB LINEA TERRA 4/5-Doors,10500,41,CN
369,TOYOTA Corolla 1.4 16V VVT I HATCHB TERRA 2/3-Doors,10950,35,ES
370,TOYOTA Corolla 1.4 16V VVT I HATCHB TERRA 2/3-Doors,11950,41,JP
371,TOYOTA Corolla 1.6 VVTI Linea Terra Comfort 4/5-Doors,11450,37,JP
372,TOYOTA Corolla 1.6 16V VVT I LIFTB SOL 4/5-Doors,13250,44,IT
373,TOYOTA Corolla 1.6 16V VVT I SEDAN TERRA 4/5-Doors,10250,39,FR
374,TOYOTA Corolla 1.6 16V VVT I LIFTB TERRA 4/5-Doors,13995,35,US
375,TOYOTA Corolla 1.4 16V VVT I LIFTB TERRA 4/5-Doors,11950,40,FR
376,TOYOTA Corolla 1.4 LB LINEA TERRA 4/5-Doors,13250,33,DE
377,TOYOTA Corolla 1.6 16V VVT I LIFTB SOL 4/5-Doors,12950,40,IT
378,TOYOTA Corolla 1.4 16V VVT I LIFTB LUNA 4/5-Doors,11750,38,ES
379,TOYOTA Corolla 1.6 Linea Terra LB 4/5-Doors,11500,39,FR
380,TOYOTA Corolla 1.4 VVTI LB 4/5-Doors,13500,43,UK
381,TOYOTA Corolla 1.9 D HATCHB SOL 2/3-Doors,6500,53,IN
382,TOYOTA Corolla 1.9 D SEDAN TERRA 4/5-Doors,6400,51,DE
383,TOYOTA Corolla 1.9 D HATCHB TERRA 2/3-Doors,7000,53,CN
384,TOYOTA Corolla 2.0 DSL SEDAN LINEA TERRA 4/5-Doors,7750,54,ES
385,TOYOTA Corolla 1.9 D Sedan 4/5-Doors,8900,45,DE
386,TOYOTA Corolla 1.6 VVTi Linea terra 2/3-Doors,8500,55,IN
387,TOYOTA Corolla 2.0 DSL LIFTB LINEA TERRA 4/5-Doors,8950,54,IT
388,TOYOTA Corolla 1.6 16V VVT I LIFTB SOL 4/5-Doors,9900,51,IN
389,TOYOTA Corolla 1.9 D LIFTB LUNA 4/5-Doors,10250,53,JP
390,TOYOTA Corolla 1.6 16V VVT I LIFTB TERRA 4/5-Doors,9250,48,IN
391,TOYOTA Corolla 1.9 D WGN LINEA TERRA Stationwagen,7750,48,JP
392,TOYOTA Corolla 1.9 D SEDAN TERRA 4/5-Doors,9450,54,IT
393,TOYOTA Corolla 2.0 DSL LIFTB LINEA TERRA 4/5-Doors,7750,55,KR
394,TOYOTA Corolla 1.9 D WAGON TERRA Stationwagen,8250,52,JP
395,TOYOTA Corolla 1.6 16V VVT I WAGON TERRA Stationwagen,9950,49,CN
396,TOYOTA Corolla 1.8D Stationwagen,4450,56,IN
397,TOYOTA Corolla 1.6 16V VVT I HATCHB G6 2/3-Doors,9950,50,IN
398,TOYOTA Corolla 1.6 16V VVT I LIFTB SOL 4/5-Doors,9000,48,CN
399,TOYOTA Corolla 1.9 D LB LINEA SOL 4/5-Doors,9950,53,UK
400,TOYOTA Corolla 2.0 D4D HATCHB TERRA 2/3-Doors,12450,47,US
401,TOYOTA Corolla 1.6 16V VVT I SEDAN TERRA 4/5-Doors,10500,55,KR
402,TOYOTA Corolla 1.6 16V VVT I SEDAN TERRA 4/5-Doors,10750,54,ES
403,TOYOTA Corolla 1.4 16V VVT I HATCHB TERRA 2/3-Doors,8950,53,JP
404,TOYOTA Corolla 1.9 D LIFTB TERRA 4/5-Doors,10500,54,CN
405,TOYOTA Corolla 2.0D 4/5-Doors,5150,56,IT
406,TOYOTA Corolla 1.4 16V VVT I LIFTB TERRA 4/5-Doors,10950,49,JP
407,TOYOTA Corolla 1.4 16V VVT I HATCHB TERRA 2/3-Doors,9450,52,US
408,TOYOTA Corolla 1.6 16V LIFTB LINEA LUNA 4/5-Doors,9950,54,IT
409,TOYOTA Corolla 1.9 D WAGON TERRA Stationwagen,10950,51,DE
410,TOYOTA Corolla 1.6 16V VVT I LIFTB SOL 4/5-Doors,11900,47,IN
411,TOYOTA Corolla 1.4 16V VVT I LIFTB TERRA 4/5-Doors,9950,50,DE
412,TOYOTA Corolla 1.6 16V VVT I LIFTB SOL 4/5-Doors,11950,54,JP
413,TOYOTA Corolla 1.6 16v TERRA 4/5-Doors,7900,50,US
414,TOYOTA Corolla 1.6 16V VVT I HATCHB G6 2/3-Doors,10950,52,KR
415,TOYOTA Corolla 1.9 D LIFTB TERRA 4/5-Doors,8950,48,JP
416,TOYOTA Corolla 1.6 16V VVT I WAGON TERRA Stationwagen,11950,51,CN
417,TOYOTA Corolla 1.6 HB SOL 2/3-Doors,10900,49,FR
418,TOYOTA Corolla 1.6 16V VVT I LIFTB SOL 4/5-Doors,9950,55,JP
419,TOYOTA Corolla 2.0 DSL HATCHB LINEA TERRA 2/3-Doors,9950,51,IN
420,TOYOTA Corolla 1.6 16V VVT I LIFTB SOL 4/5-Doors,10950,54,IN
421,TOYOTA Corolla 2.0 DSL HATCHB LINEA TERRA 2/3-Doors,8950,55,JP
422,TOYOTA Corolla 1.3 16V HATCHB LINEA TERRA 2/3-Doors,8950,55,IT
423,TOYOTA Corolla 1.6 16V VVT I HATCHB G6 2/3-Doors,10500,49,FR
424,TOYOTA Corolla 1.4 16V VVT I HATCHB TERRA 2/3-Doors,8950,53,CN
425,TOYOTA Corolla 1.9 D LIFTB TERRA 4/5-Doors,9250,53,JP
426,TOYOTA Corolla LIFTBACK 1.4 VVT-i LINEA TERRA 4/5-Doors,11500,48,IT
427,TOYOTA Corolla 1.6 16V VVT I WAGON TERRA Stationwagen,9750,52,IN
428,TOYOTA Corolla 1.6 16V VVT I HATCHB TERRA 2/3-Doors,9950,45,IN
429,TOYOTA Corolla 1.6 16V VVT I HATCHB SOL 2/3-Doors,11450,49,US
430,TOYOTA Corolla 1.6 VVT-i L. Sol Wagon Stationwagen,12500,54,JP
431,TOYOTA Corolla 1.6 16V VVT I LIFTB TERRA 4/5-Doors,10500,50,FR
432,TOYOTA Corolla 1.6 16V VVT I WAGON TERRA Stationwagen,12950,50,UK
433,TOYOTA Corolla 1.6 16V VVT I HATCHB TERRA 2/3-Doors,12200,50,FR
434,TOYOTA Corolla 1.4 16V VVT I HATCHB SOL 2/3-Doors,10950,50,IN
435,TOYOTA Corolla 1.6 LB LINEA SOL 4/5-Doors,10950,54,IN
436,TOYOTA Corolla 1.6 16V VVT I HATCHB TERRA AUT4 2/3-Doors,11290,49,DE
437,TOYOTA Corolla 1.4 VVT-i Linea Sol HB 2/3-Doors,10750,49,IN
438,TOYOTA Corolla 1.6 16V VVT I LIFTB TERRA 4/5-Doors,10895,53,CN
439,TOYOTA Corolla 1.6 16V VVT I LIFTB TERRA 4/5-Doors,11500,47,ES
440,TOYOTA Corolla 1.6 16V VVT I LIFTB TERRA 4/5-Doors,9750,48,JP
441,TOYOTA Corolla 1.6 16V VVT I HATCHB TERRA 2/3-Doors,10250,55,FR
442,TOYOTA Corolla 1.6 16V VVT I SEDAN TERRA 4/5-Doors,12500,49,ES
443,TOYOTA Corolla 1.6 16V VVT I SEDAN TERRA 4/5-Doors,11950,54,IT
444,TOYOTA Corolla 1.4 16V VVT I LIFTB TERRA 4/5-Doors,10750,50,UK
445,TOYOTA Corolla 1.6 16V VVT I SEDAN TERRA 4/5-Doors,11450,46,CN
446,TOYOTA Corolla 1.6 16V VVT I LIFTB SOL 4/5-Doors,11950,54,FR
447,TOYOTA Corolla 1.6 G6 HB 2/3-Doors,11750,48,ES
448,TOYOTA Corolla 1.6 16V VVT I SEDAN TERRA AUT4 4/5-Doors,10950,50,UK
449,TOYOTA Corolla 1.6 16V VVT I LIFTB SOL 4/5-Doors,11950,55,DE
450,TOYOTA Corolla 1.9 D HATCHB TERRA 2/3-Doors,10995,49,CN
451,TOYOTA Corolla 1.4 16V VVT I HATCHB TERRA 2/3-Doors,11450,56,CN
452,TOYOTA Corolla 1.6 16V VVT I LIFTB TERRA 4/5-Doors,8900,49,DE
453,TOYOTA Corolla 1.6 4/5-Doors,10500,50,JP
454,TOYOTA Corolla 1.6 16V VVT I LIFTB TERRA 4/5-Doors,11750,47,DE
455,TOYOTA Corolla 1.4 16V VVT I HATCHB SOL 2/3-Doors,11450,49,CN
456,TOYOTA Corolla 1.6 16V VVT I HATCHB G6 2/3-Doors,12000,52,CN
457,TOYOTA Corolla 1.6 16V VVT I HATCHB TERRA AUT4 2/3-Doors,11950,50,ES
458,TOYOTA Corolla 1.4 16V VVT I HATCHB TERRA 2/3-Doors,9850,53,IN
459,TOYOTA Corolla 1.6 16V VVT I SEDAN TERRA 4/5-Doors,10950,54,UK
460,TOYOTA Corolla 1.6 16V VVT I LIFTB SOL 4/5-Doors,10950,54,DE
461,TOYOTA Corolla 1.9 D Linea Terra 2/3-Doors,8695,50,UK
462,TOYOTA Corolla 1.6 16V VVT I HATCHB TERRA 2/3-Doors,10990,53,DE
463,TOYOTA Corolla 1.4 16V VVT I HATCHB TERRA 2/3-Doors,9500,55,IT
464,TOYOTA Corolla 1.3 16V HATCHB G6 2/3-Doors,11950,49,CN
465,TOYOTA Corolla 1.4 16V VVT I LIFTB SOL 4/5-Doors,10750,46,IN
466,TOYOTA Corolla 1.9 D LIFTB TERRA 4/5-Doors,8750,47,ES
467,TOYOTA Corolla 1.6 16V VVT I SEDAN TERRA 4/5-Doors,8750,49,IN
468,TOYOTA Corolla 2.0 DSL HATCHB LINEA TERRA 2/3-Doors,11450,55,IN
469,TOYOTA Corolla 1.4 16V VVT I HATCHB TERRA 2/3-Doors,9950,46,IN
470,TOYOTA Corolla 1.6 16V WAGON LINEA LUNA Stationwagen,11950,56,UK
471,TOYOTA Corolla 1.6 16V VVT I WAGON TERRA Stationwagen,13950,52,DE
472,TOYOTA Corolla 1.6 16V VVT I HATCHB G6 4/5-Doors,11250,54,KR
473,TOYOTA Corolla 1.4 16V VVT I LIFTB TERRA 4/5-Doors,10900,50,IT
474,TOYOTA Corolla 1.4 16V VVT I HATCHB TERRA 2/3-Doors,9750,56,FR
475,TOYOTA Corolla 1.4 16V VVT I HATCHB TERRA 2/3-Doors,9950,52,IN
476,TOYOTA Corolla 1.6 sol lb 4/5-Doors,11950,56,JP
477,TOYOTA Corolla 1.6 16V VVT I HATCHB TERRA 2/3-Doors,10450,48,UK
478,TOYOTA Corolla 1.4 16V VVT I HATCHB TERRA 2/3-Doors,8950,54,ES
479,TOYOTA Corolla 1.6 16V VVT I LIFTB TERRA 4/5-Doors,10250,54,FR
480,TOYOTA Corolla 1.6 16V VVT I SEDAN TERRA 4/5-Doors,9930,53,KR
481,TOYOTA Corolla 1.6 16V HATCHB LINEA TERRA 2/3-Doors,10500,54,JP
482,TOYOTA Corolla 1.6 SDN LINEA SOL 4/5-Doors,11950,54,KR
483,TOYOTA Corolla 1.9 D Wagon Stationwagen,11500,48,FR
484,TOYOTA Corolla 1.6 SDN LINEA SOL 4/5-Doors,11500,55,IN
485,TOYOTA Corolla 1.6 16V VVT I LIFTB SOL 4/5-Doors,11450,54,JP
486,TOYOTA Corolla 1.6 16V HATCHB LINEA TERRA 2/3-Doors,9900,56,KR
487,TOYOTA Corolla 1.4 16V VVT I HATCHB TERRA 2/3-Doors,9500,54,ES
488,TOYOTA Corolla 1.4 16V VVT I LIFTB TERRA 4/5-Doors,10500,50,DE
489,TOYOTA Corolla 1.6 VVTI Linea Terra liftback 4/5-Doors,10750,50,CN
490,TOYOTA Corolla LIFTBACK 1.9 D Linea Terra 4/5-Doors,8950,54,DE
491,TOYOTA Corolla 1.6 16V HATCHB S 2/3-Doors,12000,56,FR
492,TOYOTA Corolla ! 1.6-16v vvt-i sol airco sedan 4/5-Doors,9940,53,UK
493,TOYOTA Corolla 1.6 16V VVT I SEDAN TERRA 4/5-Doors,10950,47,CN
494,TOYOTA Corolla 1.6 16V VVT I LIFTB TERRA 4/5-Doors,10750,54,IT
495,TOYOTA Corolla 1.4 VVTI Linea Terra 2/3-Doors,9799,51,ES
496,TOYOTA Corolla 1.4 VVT-i Linea Luna liftback 4/5-Doors,11750,51,IT
497,TOYOTA Corolla 1.6 16V VVT I SEDAN TERRA 4/5-Doors,11950,54,JP
498,TOYOTA Corolla 1.6 16V VVT I HATCHB SOL 2/3-Doors,11250,52,CN
499,TOYOTA Corolla 1.6 16V LIFTB LINEA LUNA 4/5-Doors,11750,54,IT
500,TOYOTA Corolla 1.6 16V HATCHB S 2/3-Doors,10950,55,IT
501,TOYOTA Corolla 1.6 16V VVT I LIFTB SOL 4/5-Doors,11250,56,KR
502,TOYOTA Corolla 1.4 16V VVT I HATCHB TERRA 2/3-Doors,9950,53,DE
503,TOYOTA Corolla 1.6 16V VVT I LIFTB SOL 4/5-Doors,9700,51,KR
504,TOYOTA Corolla 1.6 SDN LINEA SOL 4/5-Doors,11950,47,CN
505,TOYOTA Corolla 1.6 16V VVT I HATCHB TERRA 2/3-Doors,9900,53,CN
506,TOYOTA Corolla 1.6 16V VVT I HATCHB SOL 2/3-Doors,9990,55,FR
507,TOYOTA Corolla 1.4 16V VVT I HATCHB TERRA 2/3-Doors,9475,48,KR
508,TOYOTA Corolla 1.6 16V VVT I LIFTB TERRA 4/5-Doors,11500,54,US
509,TOYOTA Corolla 1.6 VVTI Linea Sol Sedan 4/5-Doors,11950,53,DE
510,TOYOTA Corolla 1.4 16V VVT I LIFTB TERRA 4/5-Doors,11500,55,CN
511,TOYOTA Corolla 1.6 16V VVT I LIFTB TERRA 4/5-Doors,10500,50,FR
512,TOYOTA Corolla 1.4 16V VVT I LIFTB TERRA 4/5-Doors,10900,46,KR
513,TOYOTA Corolla 1.4 16V VVT I LIFTB TERRA 4/5-Doors,11700,52,DE
514,TOYOTA Corolla 1.6 16v Liftback Linea So 4/5-Doors,11900,51,KR
515,TOYOTA Corolla 1.6 16V VVT I WAGON TERRA Stationwagen,13950,51,IT
516,TOYOTA Corolla 1.4 16V VVT I HATCHB TERRA 2/3-Doors,10950,49,FR
517,TOYOTA Corolla 1.4 16V VVT I HATCHB TERRA 2/3-Doors,10500,56,DE
518,TOYOTA Corolla 1.4 HB LINEA TERRA 2/3-Doors,10750,55,IN
519,TOYOTA Corolla 1.6 16V LIFTB LINEA TERRA 4/5-Doors,11950,55,JP
520,TOYOTA Corolla 1.4 16V VVT I HATCHB TERRA 2/3-Doors,10000,56,JP
521,TOYOTA Corolla 1.4 16V VVT I LIFTB TERRA 4/5-Doors,10495,48,DE
522,TOYOTA Corolla 1.6 16V VVT I LIFTB SOL 4/5-Doors,11450,50,KR
523,TOYOTA Corolla 1.4 16V VVT I HATCHB TERRA 2/3-Doors,9400,54,FR
524,TOYOTA Corolla 1.3 G6 liftback 4/5-Doors,11950,51,JP
525,TOYOTA Corolla 1.6 16V VVT I LIFTB TERRA 4/5-Doors,9650,53,FR
526,TOYOTA Corolla 1.6 HB LINEA TERRA 2/3-Doors,18950,49,JP
527,TOYOTA Corolla 1.6 16V VVT I HATCHB G6 2/3-Doors,11450,51,IT
528,TOYOTA Corolla 1.6 16V HATCHB LINEA TERRA 2/3-Doors,10250,52,KR
529,TOYOTA Corolla 1.6 16V VVT I HATCHB SOL 2/3-Doors,11450,48,IT
530,TOYOTA Corolla 1.4 16V VVT I HATCHB TERRA 2/3-Doors,9950,54,JP
531,TOYOTA Corolla 1.6 16V VVT I HATCHB G6 2/3-Doors,10500,56,IN
532,TOYOTA Corolla 1.6 16V VVT I LIFTB SOL 4/5-Doors,13750,54,IN
533,TOYOTA Corolla 1.4 16V VVT I HATCHB TERRA 2/3-Doors,9950,48,IT
534,TOYOTA Corolla 1.6 16V VVT I SEDAN TERRA 4/5-Doors,10250,54,IN
535,TOYOTA Corolla 1.6 16V VVT I HATCHB G6 2/3-Doors,10850,54,JP
536,TOYOTA Corolla 1.6 16V VVT I WAGON TERRA Stationwagen,11895,52,DE
537,TOYOTA Corolla 1.6 16V VVT I HATCHB G6 2/3-Doors,12950,53,IT
538,TOYOTA Corolla 1.6 16V VVT I LIFTB SOL 4/5-Doors,11950,50,UK
539,TOYOTA Corolla 1.6 16V LIFTB LINEA TERRA 4/5-Doors,10750,56,KR
540,TOYOTA Corolla 1.4 16V VVT I LIFTB TERRA 4/5-Doors,9550,54,IN
541,TOYOTA Corolla 1.3 Linea Terra liftback 4/5-Doors,10950,56,IN
542,TOYOTA Corolla 1.6 16V VVT I SEDAN TERRA 4/5-Doors,11750,52,CN
543,TOYOTA Corolla LIFTBACK 1.6 Linea terra 4/5-Doors,10950,47,US
544,TOYOTA Corolla 1.6 16V VVT I HATCHB G6 2/3-Doors,12450,54,IT
545,TOYOTA Corolla 1.6 16V VVT I SEDAN TERRA 4/5-Doors,10500,52,ES
546,TOYOTA Corolla 1.4 16V VVT I HATCHB TERRA 2/3-Doors,10900,50,IN
547,TOYOTA Corolla 1.6 16V VVT I WAGON TERRA Stationwagen,12950,50,KR
548,TOYOTA Corolla 1.4 16V VVT I LIFTB TERRA 4/5-Doors,10950,47,UK
549,TOYOTA Corolla 1.6 16V VVT I LIFTB SOL 4/5-Doors,12500,56,IN
550,TOYOTA Corolla 1.4 16V VVT I HATCHB TERRA 2/3-Doors,9950,55,UK
551,TOYOTA Corolla 1.3 16V HATCHB G6 2/3-Doors,10750,56,JP
552,TOYOTA Corolla 1.4 16V VVT I HATCHB SOL 2/3-Doors,12500,48,JP
554,TOYOTA Corolla 1.6 Hatchback 2/3-Doors,10450,49,US
555,TOYOTA Corolla 1.4 16V VVT I HATCHB TERRA 2/3-Doors,10750,52,DE
556,TOYOTA Corolla 1.6 VVT-i Linea Sol 4/5-Doors,12950,49,ES
557,TOYOTA Corolla 1.4 16V VVT I LIFTB TERRA 4/5-Doors,10995,50,CN
558,TOYOTA Corolla 1.6 16V VVT I HATCHB SOL AUT4 2/3-Doors,11950,49,US
559,TOYOTA Corolla 1.4 16V VVT I LIFTB TERRA 4/5-Doors,11250,50,FR
560,TOYOTA Corolla 1.6 16V VVT I HATCHB G6 4/5-Doors,11950,47,CN
561,TOYOTA Corolla 1.3 16V LIFTB G6 4/5-Doors,13750,54,IT
562,TOYOTA Corolla 1.6 16V VVT I LIFTB SOL 4/5-Doors,11000,47,KR
563,TOYOTA Corolla 1.6 16V VVT I LIFTB SOL 4/5-Doors,13500,50,FR
564,TOYOTA Corolla 1.6 16V VVT I HATCHB TERRA 2/3-Doors,10950,54,FR
565,TOYOTA Corolla 1.4 16V VVT I HATCHB TERRA 2/3-Doors,10750,54,US
566,TOYOTA Corolla 1.4 16V VVT I HATCHB TERRA 2/3-Doors,8950,47,DE
567,TOYOTA Corolla 1.6 16V VVT I HATCHB G6 2/3-Doors,12950,51,US
568,TOYOTA Corolla 1.4 16V VVT I HATCHB TERRA 2/3-Doors,9750,56,IT
569,TOYOTA Corolla 1.4 16V VVT I HATCHB TERRA 2/3-Doors,10900,54,IN
570,TOYOTA Corolla 1.6 16V VVT I SEDAN TERRA 4/5-Doors,10995,55,IN
571,TOYOTA Corolla 1.4 16V VVT I LIFTB SOL 4/5-Doors,10750,48,DE
572,TOYOTA Corolla 1.6 16V VVT I LIFTB TERRA 4/5-Doors,10950,52,IT
573,TOYOTA Corolla 1.6 16V VVT I LIFTB SOL 4/5-Doors,13000,49,DE
574,TOYOTA Corolla 1.6 16V VVT I HATCHB TERRA AUT4 2/3-Doors,12950,45,UK
575,TOYOTA Corolla 1.6 16V VVT I LIFTB TERRA 4/5-Doors,11500,52,IN
576,TOYOTA Corolla 1.4 16V VVT I HATCHB TERRA 2/3-Doors,10950,56,FR
577,TOYOTA Corolla 1.6 16V HATCHB LINEA LUNA 2/3-Doors,11710,48,ES
578,TOYOTA Corolla 1.4 16V VVT I HATCHB TERRA 2/3-Doors,9980,49,KR
579,TOYOTA Corolla 1.6 16V VVT I WAGON TERRA Stationwagen,12250,51,IT
580,TOYOTA Corolla 1.6 16V VVT I LIFTB TERRA 4/5-Doors,11500,46,CN
581,TOYOTA Corolla 1.6 16v Liftback Linea Sol 4/5-Doors,11950,56,DE
582,TOYOTA Corolla 1.6 16V HATCHB LINEA TERRA 2/3-Doors,11500,55,KR
583,TOYOTA Corolla 1.6 16V VVT I LIFTB SOL 4/5-Doors,11900,46,CN
584,TOYOTA Corolla 1.4 16V VVT I HATCHB SOL 2/3-Doors,11930,49,KR
585,TOYOTA Corolla 1.4 16V VVT I HATCHB TERRA 2/3-Doors,10500,52,ES
586,TOYOTA Corolla 1.4 HB Terra 2/3-Doors,8950,56,CN
587,TOYOTA Corolla 1.4 16V VVT I LIFTB TERRA 4/5-Doors,10450,46,US
588,TOYOTA Corolla 1.3 16V WAGON LINEA TERRA Stationwagen,10500,55,JP
589,TOYOTA Corolla 1.6 16V VVT I HATCHB SOL AUT4 2/3-Doors,12950,50,US
590,TOYOTA Corolla 1.3 16V HATCHB G6 2/3-Doors,9950,55,IN
591,TOYOTA Corolla 1.6 16V VVT I HATCHB G6 2/3-Doors,12900,52,JP
592,TOYOTA Corolla 1.4 HB LINEA TERRA 2/3-Doors,9950,48,US
593,TOYOTA Corolla 1.4 16V VVT I HATCHB TERRA 2/3-Doors,9950,55,JP
594,TOYOTA Corolla 1.6 16V VVT I HATCHB TERRA 2/3-Doors,10950,48,JP
595,TOYOTA Corolla 1.4 16V VVT I LIFTB TERRA 4/5-Doors,10950,53,FR
596,TOYOTA Corolla 1.4 16V VVT I HATCHB TERRA 2/3-Doors,9950,47,DE
597,TOYOTA Corolla LIFTBACK 1.4 16V VVTI TERRA 4/5-Doors,10950,50,DE
598,TOYOTA Corolla 1.4 16V VVT I HATCHB TERRA 2/3-Doors,10800,50,FR
599,TOYOTA Corolla 1.4 16V VVT I HATCHB TERRA 2/3-Doors,10500,56,KR
600,TOYOTA Corolla 1.6 SDN LINEA TERRA 4/5-Doors,10450,50,UK
601,TOYOTA Corolla 1.4 16V VVT I HATCHB TERRA 2/3-Doors,10600,51,KR
602,TOYOTA Corolla 1.4 16V VVT I HATCHB TERRA 2/3-Doors,10450,48,CN
603,TOYOTA Corolla 1.4 16V VVT I LIFTB SOL 4/5-Doors,12950,50,CN
604,TOYOTA Corolla 1.6 16V VVT I HATCHB TERRA AUT4 2/3-Doors,11250,47,JP
605,TOYOTA Corolla 2.0 d HB Diesel 2/3-Doors,7500,50,US
606,TOYOTA Corolla 1.4 VVT-i Terra 2/3-Doors,8950,52,US
607,TOYOTA Corolla 2.0 DSL SEDAN LINEA TERRA 4/5-Doors,6950,58,DE
608,TOYOTA Corolla 2.0 DSL HATCHB LINEA TERRA 2/3-Doors,7900,68,IT
609,TOYOTA Corolla 1.3 16V SEDAN LINEA TERRA 4/5-Doors,5950,68,KR
610,TOYOTA Corolla 2.0 DSL HATCHB LINEA TERRA 2/3-Doors,7500,59,IN
611,TOYOTA Corolla 2.0 DSL LIFTB LINEA LUNA 4/5-Doors,7500,62,ES
612,TOYOTA Corolla 2.0 DSL HATCHB LINEA TERRA 2/3-Doors,6900,65,US
613,TOYOTA Corolla 2.0 DSL SEDAN LINEA TERRA 4/5-Doors,5751,67,ES
614,TOYOTA Corolla 1.3 16V HATCHB LINEA TERRA 2/3-Doors,6950,68,JP
615,TOYOTA Corolla 1.6 Linea Terra Comfort 4/5-Doors,7950,67,ES
616,TOYOTA Corolla 2.0 DSL HATCHB LINEA LUNA 2/3-Doors,7750,59,IN
617,TOYOTA Corolla 2.0 DSL LIFTB LINEA TERRA 4/5-Doors,7950,64,FR
618,TOYOTA Corolla 1.6 16V HATCHB G6 2/3-Doors,8250,64,IN
619,TOYOTA Corolla 2.0diesel Stationwagen,6250,67,ES
620,TOYOTA Corolla 2.0 DSL LIFTB LINEA TERRA 4/5-Doors,9500,62,IN
621,TOYOTA Corolla 2.0D TERRA LIFTBACK 4/5-Doors,6900,59,UK
622,TOYOTA Corolla 1.6 16V G6 2/3-Doors,8450,64,JP
623,TOYOTA Corolla 2.0 DSL HATCHB LINEA TERRA 2/3-Doors,7350,65,KR
624,TOYOTA Corolla 1.6 16V WAGON LINEA TERRA Stationwagen,8950,68,FR
625,TOYOTA Corolla 2.0 DSL HATCHB LINEA TERRA 2/3-Doors,6900,60,US
626,TOYOTA Corolla 1.6 16V HATCHB LINEA TERRA 2/3-Doors,8950,59,CN
627,TOYOTA Corolla 1.6 16V HATCHB G6 2/3-Doors,8750,61,KR
628,TOYOTA Corolla 1.6 16V LIFTB LINEA LUNA 4/5-Doors,7950,67,CN
629,TOYOTA Corolla 2.0 DSL HATCHB LINEA LUNA 2/3-Doors,8950,64,JP
630,TOYOTA Corolla 2.0 DSL LIFTB LINEA TERRA 4/5-Doors,8950,58,FR
631,TOYOTA Corolla 2.0 DSL LIFTB LINEA TERRA 4/5-Doors,8950,65,DE
632,TOYOTA Corolla 2.0 DSL LIFTB LINEA TERRA 4/5-Doors,7950,64,US
633,TOYOTA Corolla 1.6 16V HATCHB S 2/3-Doors,7750,60,UK
634,TOYOTA Corolla 2.0D XL Sedan 4/5-Doors,7500,59,DE
635,TOYOTA Corolla 2.0 DSL LIFTB LINEA TERRA 4/5-Doors,8950,67,JP
636,TOYOTA Corolla 2.0 DSL LIFTB LINEA TERRA 4/5-Doors,9800,67,KR
637,TOYOTA Corolla 1.6 16V WAGON LINEA TERRA Stationwagen,9450,66,UK
638,TOYOTA Corolla Sw 20D Linea Terra Stationwagen,8950,62,IN
639,TOYOTA Corolla 2.0 DSL HATCHB LINEA TERRA 2/3-Doors,8750,68,ES
640,TOYOTA Corolla 2.0 DSL LIFTB LINEA TERRA 4/5-Doors,10500,61,UK
641,TOYOTA Corolla 1.3 16V WAGON LINEA TERRA Stationwagen,7995,59,JP
642,TOYOTA Corolla 1.6 16V WAGON LINEA LUNA Stationwagen,10450,64,IT
643,TOYOTA Corolla 2.0 DSL SEDAN LINEA TERRA 4/5-Doors,9950,66,ES
644,TOYOTA Corolla 1.6 16V HATCHB LINEA LUNA 2/3-Doors,9950,68,CN
645,TOYOTA Corolla 1.6 VVT-i Linea Terra Comfort 4/5-Doors,8950,68,US
646,TOYOTA Corolla 1.6 16V SEDAN LINEA TERRA 4/5-Doors,7950,68,CN
647,TOYOTA Corolla 1.6 16V HATCHB G6 2/3-Doors,10950,57,UK
648,TOYOTA Corolla 2.0 DSL WAGON LINEA TERRA Stationwagen,9950,64,CN
649,TOYOTA Corolla 1.6 16V SEDAN LINEA TERRA AUT4 4/5-Doors,8600,68,JP
650,TOYOTA Corolla 1.3 16V HATCHB LINEA TERRA 2/3-Doors,7250,65,IN
651,TOYOTA Corolla 2.0 DSL HATCHB LINEA TERRA 2/3-Doors,6950,68,KR
652,TOYOTA Corolla 1.3 16V LIFTB G6 4/5-Doors,8000,64,US
653,TOYOTA Corolla 1.6 16V LIFTB LINEA TERRA 4/5-Doors,9950,58,CN
654,TOYOTA Corolla 1.6 16V SEDAN LINEA TERRA 4/5-Doors,9450,60,CN
655,TOYOTA Corolla 1.6 16V HATCHB LINEA LUNA 2/3-Doors,7950,68,UK
656,TOYOTA Corolla 1.6 G6-R 2/3-Doors,9450,63,KR
657,TOYOTA Corolla 1.6 16V LIFTB LINEA LUNA 4/5-Doors,9950,64,DE
658,TOYOTA Corolla 2.0 D Linea Terra 3d 2/3-Doors,6950,65,CN
659,TOYOTA Corolla 1.6 16v Liftback Linea Terra 4/5-Doors,8250,59,JP
660,TOYOTA Corolla 1.3 16V HATCHB LINEA LUNA 2/3-Doors,9950,67,IT
661,TOYOTA Corolla 1.3 16V LIFTB LINEA LUNA 4/5-Doors,8250,59,US
662,TOYOTA Corolla 1.6 16V LIFTB LINEA TERRA 4/5-Doors,9950,68,CN
663,TOYOTA Corolla 1.6 16V HATCHB G6 R 2/3-Doors,10500,66,JP
664,TOYOTA Corolla 2.0 SDN LINEA TERRA DSL 4/5-Doors,7950,62,JP
665,TOYOTA Corolla 1.6 16V HATCHB G6 2/3-Doors,9750,65,US
666,TOYOTA Corolla 1.6 16V LIFTB LINEA TERRA 4/5-Doors,9250,61,DE
667,TOYOTA Corolla 1.6 Linea Luna 2/3-Doors,9500,68,JP
668,TOYOTA Corolla 1.6 16V LIFTB LINEA LUNA 4/5-Doors,9950,62,IT
669,TOYOTA Corolla 1.6 16V HATCHB LINEA TERRA 2/3-Doors,7750,63,JP
670,TOYOTA Corolla 1.6 16V LIFTB LINEA LUNA 4/5-Doors,9500,68,JP
671,TOYOTA Corolla 1.6 16V SEDAN LINEA TERRA 4/5-Doors,9950,67,JP
672,TOYOTA Corolla 1.6 HB LINEA LUNA AUT 2/3-Doors,9750,64,IN
673,TOYOTA Corolla 1.3 16V LIFTB LINEA LUNA 4/5-Doors,9750,58,IN
674,TOYOTA Corolla 1.3 16V Linea Terra 2/3-Doors,5950,59,DE
675,TOYOTA Corolla 1.3 16V LIFTB G6 4/5-Doors,8500,62,CN
676,TOYOTA Corolla 1.6 16V WAGON LINEA TERRA Stationwagen,8495,68,JP
677,TOYOTA Corolla 1.3 16V HATCHB LINEA LUNA 2/3-Doors,9250,67,KR
678,TOYOTA Corolla 1.3 LIN. Terra 2/3-Doors,6900,68,CN
679,TOYOTA Corolla 1.3 16V HATCHB G6 2/3-Doors,8950,58,DE
680,TOYOTA Corolla 1.6 16V LIFTB LINEA LUNA 4/5-Doors,9500,63,FR
681,TOYOTA Corolla 1.3 16V WAGON LINEA LUNA Stationwagen,9250,63,CN
682,TOYOTA Corolla 1.6 16V WAGON LINEA LUNA Stationwagen,9895,68,CN
683,TOYOTA Corolla 2.0 LB LINEA TERRA D 4/5-Doors,9950,57,ES
684,TOYOTA Corolla 1.6 16V HATCHB LINEA TERRA 2/3-Doors,7950,61,UK
685,TOYOTA Corolla 1.6 16V LIFTB LINEA LUNA 4/5-Doors,8750,68,ES
686,TOYOTA Corolla 2.0 DSL HATCHB LINEA TERRA 2/3-Doors,8250,57,IT
687,TOYOTA Corolla 1.6 16V HATCHB G6 2/3-Doors,8950,63,IN
688,TOYOTA Corolla 1.6 16V LIFTB LINEA LUNA 4/5-Doors,8950,68,IN
689,TOYOTA Corolla 1.6 16V LIFTB LINEA TERRA 4/5-Doors,8950,61,UK
690,TOYOTA Corolla 1.6 16V LIFTB LINEA LUNA 4/5-Doors,8950,65,US
691,TOYOTA Corolla 1.6 16V WAGON LINEA TERRA Stationwagen,9450,67,US
692,TOYOTA Corolla 1.3 16V HATCHB LINEA LUNA 2/3-Doors,8950,59,DE
693,TOYOTA Corolla 1.6 16V LIFTB LINEA LUNA 4/5-Doors,9250,65,UK
694,TOYOTA Corolla 1.3 Linea Terra sedan Comf. 4/5-Doors,8750,64,CN
695,TOYOTA Corolla 1.6 16V HATCHB G6 2/3-Doors,9950,61,US
696,TOYOTA Corolla 1.6 16V LIFTB LINEA LUNA 4/5-Doors,9950,61,JP
697,TOYOTA Corolla 1.3 16V HATCHB LINEA TERRA 2/3-Doors,9900,65,KR
698,TOYOTA Corolla 1.3 16V SEDAN LINEA TERRA 4/5-Doors,8950,66,CN
699,TOYOTA Corolla 1.6 16V HATCHB LINEA TERRA 2/3-Doors,8950,67,IT
700,TOYOTA Corolla 2.0 DSL SEDAN LINEA TERRA 4/5-Doors,12250,60,JP
701,TOYOTA Corolla 1.6 Linea Terra LB 4/5-Doors,9250,67,JP
702,TOYOTA Corolla 1.6 HB Linea Luna 2/3-Doors,10250,61,UK
703,TOYOTA Corolla 1.6 16V HATCHB LINEA TERRA 2/3-Doors,8950,68,DE
704,TOYOTA Corolla 1.6-16v Linea Terra 2/3-Doors,7999,65,IT
705,TOYOTA Corolla 1.6 G6R HB 2/3-Doors,9900,66,US
706,TOYOTA Corolla 1.3 16V SEDAN LINEA TERRA 4/5-Doors,8250,63,UK
707,TOYOTA Corolla 1.6 16V LIFTB LINEA LUNA 4/5-Doors,10500,65,US
708,TOYOTA Corolla 1.3 16V HATCHB LINEA TERRA 2/3-Doors,8450,65,UK
709,TOYOTA Corolla 1.6 16V WAGON LINEA LUNA Stationwagen,9900,68,UK
710,TOYOTA Corolla 1.6 16V LIFTB LINEA LUNA 4/5-Doors,10500,62,UK
711,TOYOTA Corolla 2.0 DSL SEDAN LINEA TERRA 4/5-Doors,8500,67,DE
712,TOYOTA Corolla 1.6 16V HATCHB LINEA TERRA 2/3-Doors,9500,61,UK
713,TOYOTA Corolla 1.6 16V HATCHB G6 R 2/3-Doors,9450,65,FR
714,TOYOTA Corolla 2.0 DSL HATCHB LINEA TERRA 2/3-Doors,9900,68,KR
715,TOYOTA Corolla 1.6 16V HATCHB LINEA TERRA 2/3-Doors,8250,64,US
716,TOYOTA Corolla 1.3 16V HATCHB LINEA TERRA 2/3-Doors,8750,65,CN
717,TOYOTA Corolla 1.6 16V LIFTB LINEA LUNA 4/5-Doors,9500,58,ES
718,TOYOTA Corolla 1.6 16V HATCHB LINEA TERRA 2/3-Doors,8450,68,IT
719,TOYOTA Corolla 1.6 16V HATCHB LINEA TERRA 2/3-Doors,8490,62,IN
720,TOYOTA Corolla 1.6 Linea Terra Sedan 4/5-Doors,8750,60,DE
721,TOYOTA Corolla 1.3 16V HATCHB G6 2/3-Doors,9750,64,CN
722,TOYOTA Corolla 1.6 Linea Luna Wagon Stationwagen,9950,63,JP
723,TOYOTA Corolla 1.6 16V HATCHB LINEA TERRA 2/3-Doors,8500,68,FR
724,TOYOTA Corolla 1.6 16V LIFTB LINEA TERRA 4/5-Doors,8450,63,IN
725,TOYOTA Corolla 1.6 16V SEDAN LINEA LUNA 4/5-Doors,7900,62,ES
726,TOYOTA Corolla 1.6 16V HATCHB LINEA TERRA 2/3-Doors,8750,57,CN
727,TOYOTA Corolla 1.3 16V HATCHB LINEA TERRA 2/3-Doors,7950,61,IN
728,TOYOTA Corolla 1.3 16V HATCHB LINEA LUNA 2/3-Doors,6900,62,CN
729,TOYOTA Corolla 1.3 16V HATCHB LINEA TERRA 2/3-Doors,8150,65,FR
730,TOYOTA Corolla 1.3 16V LIFTB LINEA TERRA AUT3 4/5-Doors,10995,59,ES
731,TOYOTA Corolla 1.6 16V HATCHB LINEA TERRA 2/3-Doors,8900,59,JP
732,TOYOTA Corolla 1.3 16V LIFTB LINEA LUNA 4/5-Doors,9500,59,UK
733,TOYOTA Corolla 1.6 16V SEDAN LINEA TERRA 4/5-Doors,8950,68,US
734,TOYOTA Corolla 1.6 G6 HB 2/3-Doors,11500,65,JP
735,TOYOTA Corolla 1.6 Terra HB 2/3-Doors,10450,62,UK
736,TOYOTA Corolla 1.3 16V HATCHB G6 2/3-Doors,10500,60,DE
737,TOYOTA Corolla 1.6 16V SEDAN LINEA TERRA 4/5-Doors,9250,68,KR
738,TOYOTA Corolla 1.6 16v Linea Luna Stationwagen,10950,65,IT
739,TOYOTA Corolla 1.6 16V LIFTB LINEA LUNA 4/5-Doors,10450,62,IT
740,TOYOTA Corolla 1.6 16V LIFTB LINEA LUNA 4/5-Doors,9250,68,US
741,TOYOTA Corolla 1.6 16V LIFTB LINEA TERRA 4/5-Doors,8750,62,ES
742,TOYOTA Corolla 1.3 16V HATCHB LINEA TERRA 2/3-Doors,8750,67,FR
743,TOYOTA Corolla 1.6 16V LIFTB LINEA TERRA AUT4 4/5-Doors,9800,68,ES
744,TOYOTA Corolla 1.3 16V HATCHB LINEA TERRA 2/3-Doors,8250,64,FR
745,TOYOTA Corolla 1.6 16V HATCHB G6 R 2/3-Doors,10450,62,ES
746,TOYOTA Corolla 1.6 4/5-Doors,9750,58,KR
747,TOYOTA Corolla Linea Luna 1.6i 16V 2/3-Doors,8950,61,DE
748,TOYOTA Corolla 1.3 16V HATCHB LINEA TERRA 2/3-Doors,7450,65,DE
749,TOYOTA Corolla 1.3 16V LIFTB LINEA TERRA 4/5-Doors,8450,68,UK
750,TOYOTA Corolla 1.6 HB LINEA TERRA 2/3-Doors,8250,66,IN
751,TOYOTA Corolla 1.6 16V HATCHB G6 R 2/3-Doors,10950,65,DE
752,TOYOTA Corolla 1.6 16V SEDAN LINEA LUNA 4/5-Doors,8950,61,DE
753,TOYOTA Corolla 1.3 16V HATCHB LINEA TERRA 2/3-Doors,8750,66,JP
754,TOYOTA Corolla 1.6 VVTi Linea Luna 4/5-Doors,10450,61,JP
755,TOYOTA Corolla 1.6 16V WAGON LINEA TERRA Stationwagen,10950,57,UK
756,TOYOTA Corolla 1.6 16V SEDAN LINEA TERRA 4/5-Doors,8450,65,IN
757,TOYOTA Corolla 1.6 16V HATCHB G6 2/3-Doors,9950,59,US
758,TOYOTA Corolla 1.6 16V HATCHB LINEA LUNA 2/3-Doors,9950,68,JP
759,TOYOTA Corolla 1.3 16V HATCHB LINEA TERRA 2/3-Doors,8750,62,US
760,TOYOTA Corolla 1.6 16V LIFTB LINEA TERRA 4/5-Doors,9950,65,CN
761,TOYOTA Corolla 1.6 16V LIFTB LINEA TERRA 4/5-Doors,9500,68,JP
762,TOYOTA Corolla 1.6 16V SEDAN LINEA TERRA 4/5-Doors,8250,65,KR
763,TOYOTA Corolla 1.6 16V LIFTB LINEA LUNA 4/5-Doors,10950,62,IN
764,TOYOTA Corolla 1.3 LB LINEA TERRA 4/5-Doors,7950,60,UK
765,TOYOTA Corolla 1.3 HB LINEA TERRA 2/3-Doors,8250,65,CN
766,TOYOTA Corolla 1.6 16V SEDAN LINEA LUNA 4/5-Doors,9895,67,IN
767,TOYOTA Corolla 1.3 16V HATCHB LINEA TERRA 2/3-Doors,9130,67,KR
768,TOYOTA Corolla 1.3 16V LIFTB LINEA TERRA AUT3 4/5-Doors,10950,59,IN
769,TOYOTA Corolla 1.6 16V LIFTB LINEA LUNA 4/5-Doors,10500,60,KR
770,TOYOTA Corolla 1.6 16V HATCHB LINEA TERRA 2/3-Doors,8900,61,KR
771,TOYOTA Corolla 1.3 16V LIFTB G6 4/5-Doors,9500,57,US
772,TOYOTA Corolla 2.0 D Linea luna Wagon Stationwagen,10950,59,ES
773,TOYOTA Corolla 1.3 16V HATCHB LINEA TERRA 2/3-Doors,7950,68,CN
774,TOYOTA Corolla 1.3 16V HATCHB LINEA TERRA 2/3-Doors,7950,64,IN
775,TOYOTA Corolla 1.3 16V HATCHB LINEA TERRA 2/3-Doors,7950,65,FR
776,TOYOTA Corolla 1.6 16V LIFTB LINEA TERRA AUT4 4/5-Doors,9500,61,CN
777,TOYOTA Corolla 1.6 16V LIFTB LINEA LUNA 4/5-Doors,10950,67,ES
778,TOYOTA Corolla 1.6 16V SEDAN LINEA TERRA 4/5-Doors,9750,68,CN
779,TOYOTA Corolla 1.6 16V HATCHB LINEA TERRA 2/3-Doors,9750,65,DE
780,TOYOTA Corolla 1.6 16V HATCHB LINEA LUNA 2/3-Doors,9450,63,FR
781,TOYOTA Corolla 1.3 16V HATCHB LINEA TERRA 2/3-Doors,8950,68,ES
782,TOYOTA Corolla 1.3 16V Linea Terra 2/3-Doors,8950,68,US
783,TOYOTA Corolla 1.6 16V LIFTB LINEA TERRA 4/5-Doors,8900,66,IN
784,TOYOTA Corolla 1.3 16V LIFTB LINEA TERRA 4/5-Doors,9950,61,IT
785,TOYOTA Corolla 1.3 16V HATCHB LINEA LUNA 2/3-Doors,8750,67,ES
786,TOYOTA Corolla 1.6 16V LIFTB LINEA LUNA 4/5-Doors,8950,59,UK
787,TOYOTA Corolla 1.6 16V SEDAN LINEA TERRA 4/5-Doors,8990,65,IN
788,TOYOTA Corolla 1.3 16V HATCHB LINEA TERRA 2/3-Doors,8950,61,ES
789,TOYOTA Corolla 2.0 DSL HATCHB LINEA LUNA 2/3-Doors,8950,62,DE
790,TOYOTA Corolla 1.6 16V HATCHB G6 2/3-Doors,9950,67,IT
791,TOYOTA Corolla 1.6 16V LIFTB LINEA LUNA 4/5-Doors,9900,68,DE
792,TOYOTA Corolla 1.3 HB LINEA TERRA 2/3-Doors,8950,65,IT
793,TOYOTA Corolla 1.6 16V LIFTB LINEA TERRA 4/5-Doors,8950,62,UK
794,TOYOTA Corolla 1.6 16V HATCHB LINEA LUNA AUT4 2/3-Doors,9500,66,IN
795,TOYOTA Corolla 1.3 16V HATCHB LINEA TERRA 2/3-Doors,7950,68,US
796,TOYOTA Corolla 1.6 LB LINEA LUNA 4/5-Doors,7750,68,DE
797,TOYOTA Corolla 1.6 16V LIFTB LINEA LUNA 4/5-Doors,8950,63,DE
798,TOYOTA Corolla 1.6 16V WAGON LINEA TERRA Stationwagen,11950,60,KR
799,TOYOTA Corolla 1.6 16V LIFTB LINEA LUNA 4/5-Doors,8950,62,IT
800,TOYOTA Corolla 1.3 16V LIFTB LINEA TERRA 4/5-Doors,11950,60,JP
801,TOYOTA Corolla 1.6 16V HATCHB LINEA TERRA 2/3-Doors,8950,68,IN
802,TOYOTA Corolla 1.6 Linea Terra HB 2/3-Doors,9950,64,IT
803,TOYOTA Corolla 1.6 16V HATCHB LINEA TERRA 2/3-Doors,8250,65,KR
804,TOYOTA Corolla 1.3 16V WAGON LINEA TERRA Stationwagen,8995,67,CN
805,TOYOTA Corolla 1.6 16V HATCHB G6 2/3-Doors,9995,61,IT
806,TOYOTA Corolla 1.6 16V HATCHB LINEA TERRA 2/3-Doors,9250,64,US
807,TOYOTA Corolla 1.6 16V LIFTB LINEA TERRA 4/5-Doors,10950,64,IN
808,TOYOTA Corolla 1.3 16V 2/3-Doors,8900,64,KR
809,TOYOTA Corolla 1.6 16V LIFTB LINEA LUNA 4/5-Doors,9500,58,CN
810,TOYOTA Corolla 1.6 16V LIFTB LINEA LUNA 4/5-Doors,9950,58,FR
811,TOYOTA Corolla 1.3 16V HATCHB LINEA TERRA 2/3-Doors,7950,67,KR
812,TOYOTA Corolla 1.6 16V HATCHB LINEA TERRA 2/3-Doors,8250,63,FR
813,TOYOTA Corolla 1.3 16V HATCHB LINEA TERRA 2/3-Doors,9450,64,IN
814,TOYOTA Corolla 1.3 HB LINEA TERRA 2/3-Doors,7950,57,DE
815,TOYOTA Corolla 1.6 16V HATCHB G6 2/3-Doors,9500,59,KR
816,TOYOTA Corolla 1.6 16V HATCHB LINEA TERRA 2/3-Doors,8950,65,UK
817,TOYOTA Corolla 1.6 16v Liftback Linea Terra 4/5-Doors,10950,62,FR
818,TOYOTA Corolla 1.6 16V HATCHB LINEA TERRA 2/3-Doors,8950,60,US
819,TOYOTA Corolla 1.3 16V LIFTB LINEA TERRA 4/5-Doors,9450,63,UK
820,TOYOTA Corolla 1.6 16V HATCHB S 2/3-Doors,8000,58,ES
821,TOYOTA Corolla 1.6 16V LIFTB LINEA LUNA 4/5-Doors,9900,67,ES
822,TOYOTA Corolla 1.6 16v VVTi Terra Comfort 4/5-Doors,8950,62,CN
823,TOYOTA Corolla 2.0 DSL LIFTB LINEA TERRA 4/5-Doors,10900,60,DE
824,TOYOTA Corolla 1.6 16V HATCHB S 2/3-Doors,9450,59,IN
825,TOYOTA Corolla 1.6 16V SEDAN LINEA TERRA 4/5-Doors,8450,64,KR
826,TOYOTA Corolla 1.6 16V LIFTB LINEA LUNA 4/5-Doors,9500,65,JP
827,TOYOTA Corolla 1.6 16v Linea Luna 2/3-Doors,10500,67,US
828,TOYOTA Corolla 1.3 16V L. TERRA COMFORT 2/3-Doors,6950,68,FR
829,TOYOTA Corolla 1.6 16V SEDAN LINEA TERRA 4/5-Doors,9750,68,IN
830,TOYOTA Corolla 1.3 16V LIFTB LINEA TERRA 4/5-Doors,6950,58,UK
831,TOYOTA Corolla 1.6 16V HATCHB G6 R 2/3-Doors,9650,67,ES
832,TOYOTA Corolla 1.6 16V HATCHB G6 R 2/3-Doors,9950,68,US
833,TOYOTA Corolla 1.3 16V HATCHB G6 2/3-Doors,9250,58,JP
834,TOYOTA Corolla 1.6 16V LIFTB LINEA TERRA 4/5-Doors,8950,63,KR
835,TOYOTA Corolla 1.3 16V WAGON LINEA TERRA Stationwagen,9900,63,CN
836,TOYOTA Corolla 1.6 16V WAGON LINEA TERRA Stationwagen,10995,63,JP
837,TOYOTA Corolla 1.6 Luna Liftback 4/5-Doors,10500,65,US
838,TOYOTA Corolla 1.3 16V HATCHB LINEA TERRA 2/3-Doors,8950,65,JP
839,TOYOTA Corolla 1.6 16V HATCHB G6 R 2/3-Doors,9750,67,US
840,TOYOTA Corolla 1.6 16V LIFTB LINEA LUNA 4/5-Doors,10950,68,US
841,TOYOTA Corolla 1.3 16V LIFTB LINEA TERRA 4/5-Doors,9750,67,IT
842,TOYOTA Corolla 1.6 16V HATCHB G6 2/3-Doors,9950,59,FR
843,TOYOTA Corolla 1.6 16V SEDAN LINEA TERRA 4/5-Doors,10500,65,ES
844,TOYOTA Corolla 1.3 16V HATCHB LINEA TERRA AUT3 2/3-Doors,10400,68,IT
845,TOYOTA Corolla 3drs 13i-16V 2/3-Doors,8800,68,KR
846,TOYOTA Corolla 1.6 16V HATCHB G6 2/3-Doors,10500,61,IT
847,TOYOTA Corolla 1.6 16V LIFTB LINEA TERRA 4/5-Doors,9250,62,DE
848,TOYOTA Corolla 1.3 16V HATCHB S 2/3-Doors,7800,65,DE
849,TOYOTA Corolla 1.6 16V HATCHB LINEA TERRA 2/3-Doors,9950,61,ES
850,TOYOTA Corolla 1.6 16V HATCHB G6 R 2/3-Doors,10750,63,JP
851,TOYOTA Corolla 1.6 16V LIFTB LINEA LUNA 4/5-Doors,10950,67,FR
852,TOYOTA Corolla 1.6 16V SEDAN LINEA LUNA AUT4 4/5-Doors,9950,65,ES
853,TOYOTA Corolla 1.6 16V LIFTB LINEA TERRA 4/5-Doors,9950,59,US
854,TOYOTA Corolla 1.3 16V SEDAN LINEA TERRA 4/5-Doors,8100,68,UK
855,TOYOTA Corolla 1.6 16V HATCHB LINEA TERRA 2/3-Doors,9250,60,FR
856,TOYOTA Corolla 1.6 16V HATCHB LINEA TERRA 2/3-Doors,7800,64,FR
857,TOYOTA Corolla 1.6 16V LIFTB LINEA TERRA 4/5-Doors,9000,68,US
858,TOYOTA Corolla 1.6 16V SEDAN LINEA TERRA 4/5-Doors,8950,57,US
859,TOYOTA Corolla 1.3-16V Luna 2/3-Doors,8950,62,CN
860,TOYOTA Corolla 1.6 16V LIFTB LINEA LUNA 4/5-Doors,9950,68,ES
861,TOYOTA Corolla 1.6 16V LIFTB LINEA TERRA 4/5-Doors,8500,60,US
862,TOYOTA Corolla 1.6 16V LIFTB LINEA LUNA 4/5-Doors,7995,62,DE
863,TOYOTA Corolla 1.6 16V HATCHB LINEA TERRA 2/3-Doors,8750,65,KR
864,TOYOTA Corolla 1.3 16V HATCHB LINEA LUNA 2/3-Doors,9750,63,UK
865,TOYOTA Corolla 1.6 Linea Terra LB 4/5-Doors,10950,65,ES
866,TOYOTA Corolla 1.6 16V WAGON LINEA TERRA Stationwagen,9750,67,IN
867,TOYOTA Corolla 1.3 16V HATCHB LINEA TERRA 2/3-Doors,8200,60,DE
868,TOYOTA Corolla LIFTBACK 1.6 Linea Sol 4/5-Doors,8950,68,JP
869,TOYOTA Corolla 1.3 16V HATCHB LINEA TERRA 2/3-Doors,9500,66,US
870,TOYOTA Corolla 2.0 DSL LIFTB LINEA TERRA 4/5-Doors,10950,58,IN
871,TOYOTA Corolla 1.3 16V LIFTB LINEA TERRA AUT3 4/5-Doors,9750,66,US
872,TOYOTA Corolla 1.3 16V LIFTB LINEA TERRA AUT3 4/5-Doors,9950,65,FR
873,TOYOTA Corolla 1.3 16V HATCHB LINEA LUNA AUT3 2/3-Doors,10450,61,DE
874,TOYOTA Corolla 1.6 16V HATCHB LINEA TERRA 2/3-Doors,9850,65,FR
875,TOYOTA Corolla 1.6 16V LIFTB LINEA LUNA 4/5-Doors,9450,62,CN
876,TOYOTA Corolla 1.6 16V HATCHB LINEA TERRA 2/3-Doors,10295,67,FR
877,TOYOTA Corolla 1.6 16V HATCHB G6 R 2/3-Doors,9750,68,CN
878,TOYOTA Corolla 1.6i Linea Terra HB 2/3-Doors,8950,65,CN
879,TOYOTA Corolla 1.6 16V LIFTB LINEA LUNA 4/5-Doors,9900,68,IN
880,TOYOTA Corolla 1.3 16V LIFTB LINEA TERRA 4/5-Doors,8750,66,US
881,TOYOTA Corolla 1.6 16V LIFTB LINEA LUNA 4/5-Doors,9950,58,JP
882,TOYOTA Corolla 1.3 16V HATCHB LINEA TERRA 2/3-Doors,8500,60,FR
883,TOYOTA Corolla 1.6 16V SEDAN LINEA TERRA 4/5-Doors,9950,62,DE
884,TOYOTA Corolla 1.6 16V HATCHB LINEA TERRA 2/3-Doors,10950,57,CN
885,TOYOTA Corolla 1.6 16V SEDAN LINEA TERRA 4/5-Doors,9795,68,US
886,TOYOTA Corolla 1.6 Linea Terra Comfort 4/5-Doors,8750,68,UK
887,TOYOTA Corolla 1.6 HB Linea Terra 2/3-Doors,8250,65,ES
888,TOYOTA Corolla 1.6 16V LIFTB LINEA LUNA 4/5-Doors,9950,58,IN
889,TOYOTA Corolla 1.6 16V LIFTB LINEA LUNA 4/5-Doors,9950,62,JP
890,TOYOTA Corolla 1.6 16V HATCHB LINEA TERRA 2/3-Doors,10500,59,IT
891,TOYOTA Corolla 1.3 16V LIFTB LINEA LUNA 4/5-Doors,9750,62,IN
892,TOYOTA Corolla 1.6 16V WAGON LINEA LUNA Stationwagen,11250,61,UK
893,TOYOTA Corolla 1.6 16V HATCHB LINEA TERRA 2/3-Doors,8900,59,ES
894,TOYOTA Corolla 1.3 16V HATCHB LINEA TERRA 2/3-Doors,7950,60,UK
895,TOYOTA Corolla 1.6 16V LIFTB LINEA LUNA 4/5-Doors,11500,68,FR
896,TOYOTA Corolla 1.6 16V HATCHB LINEA TERRA 2/3-Doors,9450,57,CN
897,TOYOTA Corolla 1.3 16V HATCHB LINEA TERRA 2/3-Doors,7995,65,JP
898,TOYOTA Corolla 1.3 16V LIFTB G6 4/5-Doors,10995,59,KR
899,TOYOTA Corolla 1.6 16V HATCHB LINEA TERRA 2/3-Doors,8950,61,CN
900,TOYOTA Corolla 1.3 16V SEDAN LINEA TERRA AUT3 4/5-Doors,8250,67,KR
901,TOYOTA Corolla 1.3 16V HATCHB LINEA TERRA 2/3-Doors,8950,66,ES
902,TOYOTA Corolla 1.3 16V HATCHB LINEA TERRA 2/3-Doors,8950,65,US
903,TOYOTA Corolla 1.3 16V LIFTB LINEA TERRA 4/5-Doors,9500,62,IT
904,TOYOTA Corolla 1.3 16V HATCHB LINEA TERRA 2/3-Doors,7500,65,DE
905,TOYOTA Corolla 1.6 16V HATCHB LINEA TERRA 2/3-Doors,8950,63,CN
906,TOYOTA Corolla LIFTBACK 1.3i Linea Luna Liftback 4/5-Doors,9950,63,JP
907,TOYOTA Corolla 1.6 VVTi Linea Luna Lift 4/5-Doors,9750,65,UK
908,TOYOTA Corolla 1.6 16V LIFTB LINEA TERRA 4/5-Doors,9450,61,JP
909,TOYOTA Corolla 1.6 16V HATCHB LINEA TERRA 2/3-Doors,9950,65,ES
910,TOYOTA Corolla 1.6 16V HATCHB LINEA LUNA 2/3-Doors,9750,68,KR
911,TOYOTA Corolla 1.6 16V HATCHB LINEA TERRA 2/3-Doors,8950,65,UK
912,TOYOTA Corolla 1.6 16V LIFTB LINEA TERRA 4/5-Doors,8250,66,DE
913,TOYOTA Corolla 1.3 16V HATCHB LINEA TERRA 2/3-Doors,7750,65,DE
914,TOYOTA Corolla 1.6 16V HATCHB LINEA TERRA 2/3-Doors,8950,60,CN
915,TOYOTA Corolla 1.6 16V LIFTB LINEA LUNA 4/5-Doors,9950,64,ES
916,TOYOTA Corolla 1.6 16V HATCHB LINEA LUNA AUT4 2/3-Doors,9450,66,US
917,TOYOTA Corolla 1.6 16V HATCHB G6 R 2/3-Doors,12950,67,ES
918,TOYOTA Corolla 1.6 16V HATCHB S 2/3-Doors,9950,58,KR
919,TOYOTA Corolla 1.6 16V HATCHB G6 2/3-Doors,10495,62,JP
920,TOYOTA Corolla 1.3 16V LIFTB LINEA TERRA 4/5-Doors,7950,68,DE
921,TOYOTA Corolla 1.6 16V WAGON LINEA TERRA AUT4 Stationwagen,10500,63,JP
922,TOYOTA Corolla 1.6 16V LIFTB LINEA LUNA 4/5-Doors,8950,65,JP
923,TOYOTA Corolla 1.6 16V LIFTB LINEA LUNA 4/5-Doors,9900,62,JP
924,TOYOTA Corolla 1.6 16V HATCHB G6 2/3-Doors,9995,61,DE
925,TOYOTA Corolla 1.6 16V HATCHB G6 R 2/3-Doors,9950,63,IN
926,TOYOTA Corolla 1.6 16V HATCHB LINEA TERRA 2/3-Doors,9950,63,FR
927,TOYOTA Corolla 1.6 16V HATCHB LINEA TERRA 2/3-Doors,8250,67,KR
928,TOYOTA Corolla 1.3 16V LIFTB LINEA TERRA 4/5-Doors,9950,63,IN
929,TOYOTA Corolla 1.3 16V HATCHB LINEA TERRA 2/3-Doors,8950,59,KR
930,TOYOTA Corolla 1.6 16V HATCHB LINEA TERRA AUT4 2/3-Doors,10950,62,UK
931,TOYOTA Corolla 1.3 16V SEDAN LINEA TERRA 4/5-Doors,9250,67,ES
932,TOYOTA Corolla 1.6 16V LIFTB LINEA TERRA 4/5-Doors,9950,63,ES
933,TOYOTA Corolla 1.3 16V LIFTB LINEA LUNA 4/5-Doors,9995,57,IT
934,TOYOTA Corolla 1.3 16V HATCHB LINEA LUNA 2/3-Doors,8750,61,ES
935,TOYOTA Corolla 1.3 16V LIFTB G6 4/5-Doors,10950,58,DE
936,TOYOTA Corolla 1.6 16V LIFTB LINEA LUNA AUT4 4/5-Doors,10350,60,US
937,TOYOTA Corolla 1.6 16V LIFTB LINEA TERRA 4/5-Doors,9950,65,CN
938,TOYOTA Corolla 1.3 Hatchback 2/3-Doors,8950,65,IT
939,TOYOTA Corolla 1.6 16V LIFTB LINEA LUNA 4/5-Doors,10950,57,CN
940,TOYOTA Corolla 1.6 16V LIFTB LINEA LUNA 4/5-Doors,10950,63,KR
941,TOYOTA Corolla 1.6 16V LIFTB LINEA TERRA 4/5-Doors,8950,68,CN
942,TOYOTA Corolla 1.6 16V HATCHB LINEA TERRA 2/3-Doors,8900,67,CN
943,TOYOTA Corolla 1.6 16V HATCHB G6 2/3-Doors,10250,60,IT
944,TOYOTA Corolla 1.6 Linea Terra Sedan 4/5-Doors,9450,61,UK
945,TOYOTA Corolla 1.6 16V HATCHB LINEA LUNA 2/3-Doors,9250,61,JP
946,TOYOTA Corolla 1.6 I lb luna 4/5-Doors,10500,57,ES
947,TOYOTA Corolla 1.3 16V LIFTB LINEA TERRA 4/5-Doors,7350,58,ES
948,TOYOTA Corolla 2/3-Doors,10250,57,DE
949,TOYOTA Corolla 1.6 16V LIFTB LINEA LUNA 4/5-Doors,10250,62,IT
950,TOYOTA Corolla 1.6 16V LIFTB LINEA LUNA 4/5-Doors,11500,65,DE
951,TOYOTA Corolla LIFTBACK 1.6-16v Linea Luna 2/3-Doors,8950,68,US
952,TOYOTA Corolla 1.3 16V HATCHB LINEA TERRA 2/3-Doors,7750,68,US
953,TOYOTA Corolla 1.6 16V HATCHB LINEA TERRA 2/3-Doors,9500,64,DE
954,TOYOTA Corolla 1.3 16V HATCHB S 2/3-Doors,8450,67,IT
955,TOYOTA Corolla 1.6 16V HATCHB LINEA TERRA 2/3-Doors,8950,57,DE
956,TOYOTA Corolla 1.6 16V SEDAN LINEA TERRA 4/5-Doors,8400,60,ES
957,TOYOTA Corolla 1.3 16V HATCHB LINEA TERRA 2/3-Doors,9250,66,IN
958,TOYOTA Corolla 1.6 linea terra 4/5-Doors,8900,61,FR
959,TOYOTA Corolla 1.6 16V HATCHB LINEA TERRA 2/3-Doors,8750,58,CN
960,TOYOTA Corolla 1.6 Linea Luna Aut. 4/5-Doors,10950,58,FR
961,TOYOTA Corolla 1.3 16V SEDAN LINEA TERRA 4/5-Doors,8950,61,IT
962,TOYOTA Corolla 1.3I LINEATERRA 2/3-Doors,8950,65,FR
963,TOYOTA Corolla 1.6 16V LIFTB LINEA TERRA 4/5-Doors,8895,61,US
964,TOYOTA Corolla ,9390,66,KR
965,TOYOTA Corolla 1.6 16V LIFTB LINEA TERRA 4/5-Doors,8750,59,CN
966,TOYOTA Corolla 1.6 16V LIFTB LINEA LUNA 4/5-Doors,9750,61,JP
967,TOYOTA Corolla 1.6 16V LIFTB LINEA LUNA 4/5-Doors,9950,62,IT
968,TOYOTA Corolla 1.6 16V HATCHB G6 2/3-Doors,10950,65,CN
969,TOYOTA Corolla 1.6 16V WAGON LINEA TERRA Stationwagen,9900,67,FR
970,TOYOTA Corolla 1.6 16V SEDAN LINEA TERRA 4/5-Doors,9500,62,US
972,TOYOTA Corolla 1.6 16V HATCHB LINEA TERRA 2/3-Doors,9950,61,UK
973,TOYOTA Corolla 1.6 LL HB 4/5-Doors,9950,63,IN
974,TOYOTA Corolla 1.3 16V LIFTB LINEA LUNA 4/5-Doors,10500,62,JP
975,TOYOTA Corolla 1.3 16V HATCHB LINEA TERRA 2/3-Doors,9950,63,IN
976,TOYOTA Corolla 1.3 16V LIFTB LINEA TERRA 4/5-Doors,10495,68,CN
977,TOYOTA Corolla 1.6 Linea Terra Comfort HB 2/3-Doors,9500,66,US
978,TOYOTA Corolla 1.3 16V HATCHB LINEA TERRA 2/3-Doors,8500,58,US
979,TOYOTA Corolla 1.6 16V SEDAN LINEA TERRA 4/5-Doors,10450,60,FR
980,TOYOTA Corolla 1.3 16V HATCHB LINEA TERRA 2/3-Doors,8950,65,ES
981,TOYOTA Corolla 1.3 16V HATCHB G6 2/3-Doors,9900,59,FR
982,TOYOTA Corolla 1.3 16V LIFTB LINEA TERRA 4/5-Doors,8900,63,ES
983,TOYOTA Corolla 1.6 16V HATCHB LINEA TERRA 2/3-Doors,8745,65,ES
984,TOYOTA Corolla 1.3 HB Linea Terra 2/3-Doors,8750,65,JP
985,TOYOTA Corolla 1.6 GTSi HB 4/5-Doors,10750,57,FR
986,TOYOTA Corolla 1.6 GTSi HB 2/3-Doors,9750,57,UK
987,TOYOTA Corolla 1.6 16V LIFTB LINEA LUNA 4/5-Doors,8850,65,DE
988,TOYOTA Corolla 1.3 16V LIFTB LINEA TERRA 4/5-Doors,7950,66,DE
989,TOYOTA Corolla 1.6 Linea Terra Sedan 4/5-Doors,9450,63,FR
990,TOYOTA Corolla 1.6 16V HATCHB LINEA LUNA AUT4 2/3-Doors,9950,61,FR
991,TOYOTA Corolla 1.6 16V SEDAN LINEA TERRA 4/5-Doors,8250,63,IN
992,TOYOTA Corolla 1.3 HB LINEA TERRA 2/3-Doors,9950,61,JP
993,TOYOTA Corolla 1.3 16V HATCHB LINEA TERRA 2/3-Doors,9995,68,FR
994,TOYOTA Corolla 1.6 16V LIFTB LINEA TERRA 4/5-Doors,9950,59,IN
995,TOYOTA Corolla 1.6 16V LIFTB LINEA TERRA 4/5-Doors,10495,60,ES
996,TOYOTA Corolla 1.6 Lin.Terra Aut. 4/5-Doors,7950,58,US
997,TOYOTA Corolla 1.6 SD TERRA 4/5-Doors,8950,68,US
998,TOYOTA Corolla 1.6 16v Liftback Linea Luna 4/5-Doors,9695,57,ES
999,TOYOTA Corolla 1.3 16V HATCHB LINEA TERRA 2/3-Doors,7750,64,IT
1000,TOYOTA Corolla 1.6 16V HATCHB LINEA TERRA 2/3-Doors,9950,68,IN
1001,TOYOTA Corolla 1.6 16V LIFTB LINEA LUNA 4/5-Doors,9950,67,IN
1002,TOYOTA Corolla 1.6 LB Linea Terra 4/5-Doors,9950,63,ES
1003,TOYOTA Corolla 1.6 4/5-Doors,9900,64,UK
1004,TOYOTA Corolla 1.3 16V HATCHB G6 2/3-Doors,10950,57,KR
1005,TOYOTA Corolla 1.3 16V SEDAN LINEA TERRA 4/5-Doors,8950,60,CN
1006,TOYOTA Corolla 1.3 16V HATCHB LINEA TERRA AUT3 2/3-Doors,8950,66,ES
1007,TOYOTA Corolla 1.6 16V HATCHB LINEA TERRA 2/3-Doors,8250,66,FR
1008,TOYOTA Corolla 1.6 16V LIFTB LINEA LUNA 4/5-Doors,10250,62,FR
1009,TOYOTA Corolla 1.6 16V LIFTB LINEA TERRA 4/5-Doors,8750,61,JP
1010,TOYOTA Corolla 1.6 16V LIFTB LINEA TERRA 4/5-Doors,9750,68,ES
1011,TOYOTA Corolla 1.6 16V WAGON LINEA TERRA Stationwagen,10950,61,JP
1012,TOYOTA Corolla 1.6 16V HATCHB LINEA TERRA 2/3-Doors,10950,60,ES
1013,TOYOTA Corolla 1.3 16V HATCHB LINEA TERRA 2/3-Doors,9750,62,IN
1014,TOYOTA Corolla 1.6 16V HATCHB LINEA TERRA 2/3-Doors,8900,59,CN
1015,TOYOTA Corolla 1.6 16V LIFTB LINEA TERRA 4/5-Doors,9500,60,IN
1016,TOYOTA Corolla 1.3 16V WAGON LINEA TERRA Stationwagen,9950,63,KR
1017,TOYOTA Corolla 1.6 16V HATCHB LINEA TERRA 2/3-Doors,9950,66,US
1018,TOYOTA Corolla 1.3 16V HATCHB LINEA TERRA 2/3-Doors,8250,65,DE
1019,TOYOTA Corolla 1.6 16V HATCHB G6 2/3-Doors,10450,65,ES
1020,TOYOTA Corolla 1.6 16V HATCHB G6 R 2/3-Doors,10950,62,KR
1021,TOYOTA Corolla 1.3 16V HATCHB S 2/3-Doors,9250,65,US
1022,TOYOTA Corolla 1.6 16V HATCHB LINEA TERRA 2/3-Doors,8900,68,IT
1023,TOYOTA Corolla 1.3 16V LIFTB G6 4/5-Doors,10900,57,CN
1024,TOYOTA Corolla 1.6 16V HATCHB LINEA TERRA 2/3-Doors,9750,64,JP
1025,TOYOTA Corolla 1.6 16V LIFTB LINEA LUNA 4/5-Doors,11950,58,JP
1026,TOYOTA Corolla 1.3 16V SEDAN LINEA TERRA 4/5-Doors,7900,68,IN
1027,TOYOTA Corolla 1.6 SDN LINEA TERRA 4/5-Doors,10900,57,FR
1028,TOYOTA Corolla 1.6 16V HATCHB LINEA TERRA 2/3-Doors,10450,65,US
1029,TOYOTA Corolla 1.6 16V WAGON LINEA TERRA Stationwagen,10950,59,IT
1030,TOYOTA Corolla 1.3 16V HATCHB LINEA TERRA 2/3-Doors,9950,65,KR
1031,TOYOTA Corolla 1.6 16V HATCHB G6 R 2/3-Doors,10750,60,CN
1032,TOYOTA Corolla 1.6 16V LIFTB LINEA TERRA 4/5-Doors,9900,57,US
1033,TOYOTA Corolla 1.6 16V SEDAN LINEA TERRA 4/5-Doors,10750,68,IT
1034,TOYOTA Corolla 1.6 16V LIFTB LINEA LUNA 4/5-Doors,10450,58,DE
1035,TOYOTA Corolla 1.3 Linea Terra Comfort 4/5-Doors,9450,68,ES
1036,TOYOTA Corolla 1.3 16V HATCHB LINEA TERRA AUT3 2/3-Doors,10750,60,JP
1037,TOYOTA Corolla 1.6 16V LIFTB LINEA LUNA 4/5-Doors,10950,60,KR
1038,TOYOTA Corolla 1.3 16V HATCHB LINEA TERRA 2/3-Doors,10000,57,JP
1039,TOYOTA Corolla 1.6 16V HATCHB LINEA LUNA 2/3-Doors,10500,68,KR
1040,TOYOTA Corolla 1.6 16V HATCHB LINEA LUNA AUT4 2/3-Doors,12500,62,IN
1041,TOYOTA Corolla 1.3 16V LIFTB LINEA TERRA 4/5-Doors,8950,62,FR
1042,TOYOTA Corolla 1.6 Luna LB 4/5-Doors,10500,58,KR
1043,TOYOTA Corolla 1.6 16V HATCHB LINEA TERRA 2/3-Doors,9245,66,JP
1044,TOYOTA Corolla 1.6 16V LIFTB LINEA LUNA 4/5-Doors,10950,59,IN
1045,TOYOTA Corolla 1.3 16V HATCHB LINEA TERRA 2/3-Doors,9500,63,KR
1046,TOYOTA Corolla 1.6 16V HATCHB S 2/3-Doors,10900,62,DE
1047,TOYOTA Corolla 1.3 16V SEDAN LINEA TERRA AUT3 4/5-Doors,10950,67,FR
1048,TOYOTA Corolla 1.3 16V LIFTB LINEA TERRA 4/5-Doors,9450,66,KR
1049,TOYOTA Corolla 2.0 DSL WAGON LINEA TERRA COMM Anders,5900,73,IN
1050,TOYOTA Corolla 2.0 DSL WAGON LINEA TERRA Stationwagen,6950,79,US
1051,TOYOTA Corolla 2.0 DSL LIFTB LINEA TERRA 4/5-Doors,6000,78,UK
1052,TOYOTA Corolla 1.6 LB *G3* AIRCO 4/5-Doors,5250,79,IT
1053,TOYOTA Corolla 2.0D LINEA TERRA+airco 2/3-Doors,4400,74,UK
1054,TOYOTA Corolla 2.0 DSL SEDAN LINEA TERRA 4/5-Doors,6750,77,UK
1055,TOYOTA Corolla 2.0 DSL LIFTB LINEA TERRA 4/5-Doors,8500,69,CN
1056,TOYOTA Corolla 2.0 DSL HATCHB LINEA LUNA 2/3-Doors,6150,80,DE
1057,TOYOTA Corolla 2.0 DSL WAGON LINEA TERRA Stationwagen,6950,76,US
1058,TOYOTA Corolla 2.0 DSL HATCHB LINEA TERRA 2/3-Doors,5750,76,ES
1059,TOYOTA Corolla 2.0 DSL SEDAN LINEA TERRA 4/5-Doors,8750,78,KR
1060,TOYOTA Corolla 2.0 DSL HATCHB LINEA TERRA 2/3-Doors,6500,70,IT
1061,TOYOTA Corolla 1.6 16V LIFTB LINEA LUNA 4/5-Doors,5950,73,FR
1062,TOYOTA Corolla 1.3 16V LIFTB LINEA TERRA 4/5-Doors,6500,78,US
1063,TOYOTA Corolla 2.0 ST WGN LINEA TERRA DSL Stationwagen,10500,77,JP
1064,TOYOTA Corolla 2.0 DSL SEDAN LINEA TERRA 4/5-Doors,8500,77,ES
1065,TOYOTA Corolla 1.6 HB LINEA TERRA 2/3-Doors,7950,71,CN
1066,TOYOTA Corolla 1.3 16V HATCHB LINEA TERRA 2/3-Doors,5800,78,CN
1067,TOYOTA Corolla 1.3 16V HATCHB LINEA TERRA 2/3-Doors,6750,80,US
1068,TOYOTA Corolla 2.0 DSL HATCHB LINEA TERRA 2/3-Doors,6950,78,IN
1069,TOYOTA Corolla 1.6 16V HATCHB LINEA TERRA 2/3-Doors,5740,74,UK
1070,TOYOTA Corolla 1.3 16V HATCHB LINEA TERRA 2/3-Doors,6550,73,JP
1071,TOYOTA Corolla 2.0 DSL HATCHB LINEA TERRA 2/3-Doors,8950,69,CN
1072,TOYOTA Corolla 1.3 16V LIFTB LINEA TERRA 4/5-Doors,6750,73,IT
1073,TOYOTA Corolla 1.6 3D Terra/Comf. 2/3-Doors,7950,78,CN
1074,TOYOTA Corolla 2.0 DSL HATCHB LINEA TERRA 2/3-Doors,7950,69,FR
1075,TOYOTA Corolla 2.0 DSL LIFTB LINEA LUNA 4/5-Doors,7450,76,KR
1076,TOYOTA Corolla 2.0 DSL WAGON LINEA TERRA Stationwagen,7750,70,CN
1077,TOYOTA Corolla 1.6 16v Linea Terra 4/5-Doors,6450,71,FR
1078,TOYOTA Corolla 2.0D Linea Terra 2/3-Doors,7900,75,US
1079,TOYOTA Corolla 2.0 DSL HATCHB LINEA TERRA 2/3-Doors,6900,69,US
1080,TOYOTA Corolla 1.3 16V HATCHB LINEA TERRA 2/3-Doors,5600,75,ES
1081,TOYOTA Corolla 1.6 16V SEDAN LINEA TERRA 4/5-Doors,5950,77,CN
1082,TOYOTA Corolla 1.3 16V HATCHB LINEA TERRA AUT3 2/3-Doors,6950,80,IT
1083,TOYOTA Corolla 2.0 DSL ,7950,71,CN
1084,TOYOTA Corolla 1.3 16V WAGON LINEA TERRA Stationwagen,8950,79,IT
1085,TOYOTA Corolla 2.0 D Linea Terra Liftback 4/5-Doors,7950,74,DE
1086,TOYOTA Corolla 2.0 D Linea Terra Liftback 4/5-Doors,9500,80,ES
1087,TOYOTA Corolla 2.0 DSL HATCHB LINEA TERRA 2/3-Doors,8600,76,DE
1088,TOYOTA Corolla 2.0 ST WGN LINEA TERRA DSL Stationwagen,5950,71,CN
1089,TOYOTA Corolla 1.6 16V LIFTB LINEA TERRA 4/5-Doors,7750,73,ES
1091,TOYOTA Corolla 2.0 DSL LIFTB LINEA LUNA 4/5-Doors,7950,79,DE
1092,TOYOTA Corolla 1.6 16V HATCHB LINEA TERRA 2/3-Doors,6950,77,UK
1093,TOYOTA Corolla 1.6 16V HATCHB LINEA TERRA 2/3-Doors,7250,74,CN
1094,TOYOTA Corolla 1.3 LB LINEA TERRA 4/5-Doors,6500,78,DE
1095,TOYOTA Corolla 1.6 16V LIFTB LINEA TERRA 4/5-Doors,7250,77,UK
1096,TOYOTA Corolla 1.6 16V LIFTB LINEA TERRA 4/5-Doors,9250,80,UK
1097,TOYOTA Corolla 1.6 16V HATCHB S 2/3-Doors,8250,73,US
1098,TOYOTA Corolla 2.0 DSL HATCHB LINEA TERRA 2/3-Doors,7250,71,CN
1099,TOYOTA Corolla 1.6 16V SEDAN LINEA TERRA 4/5-Doors,5250,72,UK
1100,TOYOTA Corolla 1.6 HB Terra 4/5-Doors,7900,77,US
1101,TOYOTA Corolla 1.6 16V HATCHB LINEA TERRA 2/3-Doors,6900,76,DE
1102,TOYOTA Corolla 1.6i-16 SPORTS TC 2/3-Doors,7900,75,FR
1103,TOYOTA Corolla 2.0 DSL LIFTB LINEA TERRA 4/5-Doors,7250,74,CN
1104,TOYOTA Corolla 1.6 16V HATCHB S 2/3-Doors,8450,70,ES
1105,TOYOTA Corolla 1.6 16V LIFTB LINEA LUNA 4/5-Doors,7950,76,IT
1106,TOYOTA Corolla 1.6 16V HATCHB LINEA TERRA 2/3-Doors,7950,74,IT
1107,TOYOTA Corolla 1.6 16V HATCHB LINEA TERRA 2/3-Doors,6450,72,DE
1108,TOYOTA Corolla 1.6 16V LIFTB LINEA TERRA 4/5-Doors,6650,75,IN
1109,TOYOTA Corolla 1.3 16V HATCHB LINEA TERRA 2/3-Doors,7950,74,IN
1110,TOYOTA Corolla 1.3 16V LIFTB LINEA LUNA 4/5-Doors,7250,80,DE
1111,TOYOTA Corolla 1.6 16V HATCHB LINEA TERRA 2/3-Doors,7450,77,UK
1112,TOYOTA Corolla 1.6 16V SEDAN LINEA TERRA 4/5-Doors,7950,74,CN
1113,TOYOTA Corolla 1.6 16V LIFTB LINEA TERRA 4/5-Doors,7250,77,IT
1114,TOYOTA Corolla 2.0 DSL HATCHB LINEA TERRA 2/3-Doors,8250,71,IT
1115,TOYOTA Corolla 2.0 LB LINEA TERRA DSL 4/5-Doors,8950,76,UK
1116,TOYOTA Corolla 1.6 16V HATCHB LINEA TERRA 2/3-Doors,7750,74,IT
1117,TOYOTA Corolla 1.6 16V WAGON LINEA TERRA Stationwagen,8500,71,ES
1118,TOYOTA Corolla 1.6 16V LIFTB LINEA LUNA 4/5-Doors,7750,78,CN
1119,TOYOTA Corolla 1.6 16V SEDAN LINEA TERRA 4/5-Doors,5750,73,KR
1120,TOYOTA Corolla 1.6 16V LIFTB LINEA TERRA 4/5-Doors,6900,76,IT
1121,TOYOTA Corolla 1.6 HATCHBACK 2/3-Doors,6500,71,DE
1122,TOYOTA Corolla 1.6 16V LIFTB LINEA TERRA AUT4 4/5-Doors,6500,78,ES
1123,TOYOTA Corolla 1.3 16V WAGON LINEA TERRA Stationwagen,7600,77,IT
1124,TOYOTA Corolla 2.0 DSL LIFTB LINEA TERRA 4/5-Doors,8950,73,ES
1125,TOYOTA Corolla 1.6 16V LIFTB LINEA TERRA 4/5-Doors,7450,74,US
1126,TOYOTA Corolla 1.3 16V HATCHB S 2/3-Doors,7350,72,KR
1127,TOYOTA Corolla 1.3 16V HATCHB S 2/3-Doors,7750,73,JP
1128,TOYOTA Corolla 1.6 Linea Terra / Keuze uit 700 occasions 2/3-Doors,7460,80,DE
1129,TOYOTA Corolla 1.6 16V WAGON LINEA TERRA Stationwagen,9250,76,DE
1130,TOYOTA Corolla 1.6 16V HATCHB LINEA LUNA 2/3-Doors,7250,80,CN
1131,TOYOTA Corolla 1.3 16V HATCHB S 2/3-Doors,6500,72,ES
1132,TOYOTA Corolla 1.6 16V SEDAN LINEA TERRA 4/5-Doors,6800,80,UK
1133,TOYOTA Corolla 1.6 16V WAGON LINEA TERRA Stationwagen,8700,75,DE
1134,TOYOTA Corolla 1.6 16V LIFTB LINEA TERRA 4/5-Doors,7500,78,ES
1135,TOYOTA Corolla 1.6 16V HATCHB LINEA TERRA 2/3-Doors,7750,71,ES
1136,TOYOTA Corolla 1.6 16V HATCHB S 2/3-Doors,7950,73,FR
1137,TOYOTA Corolla 1.6 16V HATCHB LINEA TERRA 2/3-Doors,9950,75,FR
1138,TOYOTA Corolla 1.6 16V LIFTB LINEA TERRA 4/5-Doors,6640,74,JP
1139,TOYOTA Corolla 1.3 HB LINEA TERRA 2/3-Doors,8750,71,US
1140,TOYOTA Corolla 1.6 16V HATCHB S 2/3-Doors,7750,72,JP
1141,TOYOTA Corolla 1.3 16V HATCHB LINEA TERRA 2/3-Doors,5950,72,IT
1142,TOYOTA Corolla 1.3 16V HATCHB LINEA TERRA 2/3-Doors,6750,77,UK
1143,TOYOTA Corolla 1.6 16V HATCHB LINEA TERRA 2/3-Doors,6500,80,IT
1144,TOYOTA Corolla 1.6 3D Terra/Comf. 2/3-Doors,8750,76,IN
1145,TOYOTA Corolla 1.6 16V HATCHB S 2/3-Doors,7950,74,IT
1146,TOYOTA Corolla 1.3 16V HATCHB 2/3-Doors,6750,74,CN
1147,TOYOTA Corolla 1.3 16V LIFTB LINEA TERRA 4/5-Doors,7950,73,IT
1148,TOYOTA Corolla 1.3 Linea Terra 3 drs 2/3-Doors,7950,80,JP
1149,TOYOTA Corolla 1.6 16V LIFTB LINEA LUNA AUT4 4/5-Doors,8950,75,DE
1150,TOYOTA Corolla 1.3 16V HATCHB LINEA TERRA 2/3-Doors,7750,77,DE
1151,TOYOTA Corolla 1.6 16V LIFTB LINEA TERRA 4/5-Doors,6450,75,FR
1152,TOYOTA Corolla 1.6 16V HATCHB LINEA TERRA 2/3-Doors,6900,74,UK
1153,TOYOTA Corolla 1.6 16V WAGON LINEA TERRA Stationwagen,8450,75,UK
1154,TOYOTA Corolla 1.3 HB LINEA TERRA 2/3-Doors,6750,74,CN
1155,TOYOTA Corolla 1.3 16V SEDAN LINEA TERRA AUT3 4/5-Doors,8050,74,JP
1156,TOYOTA Corolla 1.6 16V LIFTB LINEA TERRA 4/5-Doors,9500,79,FR
1157,TOYOTA Corolla 1.6 16V SEDAN LINEA TERRA 4/5-Doors,7750,78,IN
1158,TOYOTA Corolla 1.6 16V WAGON LINEA TERRA Stationwagen,8500,80,UK
1159,TOYOTA Corolla 1.6 16V HATCHB LINEA TERRA 2/3-Doors,7795,75,DE
1160,TOYOTA Corolla 1.6 16V HATCHB LINEA TERRA 2/3-Doors,6490,80,IT
1161,TOYOTA Corolla 1.6 16V HATCHB S 2/3-Doors,7950,73,IT
1162,TOYOTA Corolla 1.3 16V LIFTB LINEA TERRA 4/5-Doors,6425,79,FR
1163,TOYOTA Corolla 1.3 16V LIFTB LINEA TERRA 4/5-Doors,8950,69,JP
1164,TOYOTA Corolla 1.6 LB LINEA LUNA 4/5-Doors,6950,72,JP
1165,TOYOTA Corolla 1.6 16V WAGON LINEA TERRA Stationwagen,8750,79,US
1166,TOYOTA Corolla 1.6 16V S-uitvoering 2/3-Doors,8450,71,KR
1167,TOYOTA Corolla 1.6 16v Liftback Linea Terra 4/5-Doors,7950,77,UK
1168,TOYOTA Corolla 1.3 16V LIFTB LINEA TERRA 4/5-Doors,7950,80,JP
1169,TOYOTA Corolla 1.6 LINEA TERRA 4/5-Doors,8900,78,DE
1170,TOYOTA Corolla 1.6 16V WAGON LINEA TERRA Stationwagen,8950,73,FR
1171,TOYOTA Corolla 1.6 16V WAGON LINEA TERRA Stationwagen,8900,73,IN
1172,TOYOTA Corolla 1.6 Linea Terra Sedan 4/5-Doors,7950,69,US
1173,TOYOTA Corolla 1.3 16V HATCHB LINEA TERRA 2/3-Doors,6495,74,ES
1174,TOYOTA Corolla 1.3 16V HATCHB LINEA TERRA 2/3-Doors,7250,78,CN
1175,TOYOTA Corolla 1.6 16V WAGON LINEA TERRA Stationwagen,9250,74,IN
1176,TOYOTA Corolla 1.6 16V LIFTB LINEA TERRA 4/5-Doors,6650,78,ES
1177,TOYOTA Corolla 1.6 Terra Stationwagen,6990,79,IT
1178,TOYOTA Corolla 1.6 16V LIFTB LINEA TERRA 4/5-Doors,7750,78,CN
1179,TOYOTA Corolla 1.3 16V LIFTB LINEA TERRA 4/5-Doors,6950,79,UK
1180,TOYOTA Corolla 1.6 16V HATCHB LINEA TERRA 2/3-Doors,7250,80,DE
1181,TOYOTA Corolla 1.6 16V WAGON LINEA TERRA Stationwagen,9950,80,CN
1182,TOYOTA Corolla 1.6 Linea Terra Comfort 4/5-Doors,9250,80,KR
1183,TOYOTA Corolla 1.3 16V LIFTB LINEA TERRA 4/5-Doors,7200,79,ES
1184,TOYOTA Corolla 1.6 16V LIFTB LINEA LUNA 4/5-Doors,8250,72,UK
1185,TOYOTA Corolla 1.6 16V HATCHB GTSI 2/3-Doors,8950,79,KR
1186,TOYOTA Corolla 1.6 16V LIFTB LINEA LUNA 4/5-Doors,8250,77,IT
1187,TOYOTA Corolla 1.3 16V HATCHB LINEA TERRA 2/3-Doors,6250,80,KR
1189,TOYOTA Corolla 1.6 16V LIFTB LINEA LUNA AUT4 4/5-Doors,9900,80,US
1190,TOYOTA Corolla 1.3 16V LIFTB LINEA TERRA 4/5-Doors,7300,80,US
1191,TOYOTA Corolla 1.3 Linea Luna Hatchback 2/3-Doors,8950,72,FR
1192,TOYOTA Corolla 1.3 16V HATCHB S 2/3-Doors,6500,70,IN
1193,TOYOTA Corolla 1.6 16V LIFTB LINEA TERRA 4/5-Doors,7950,78,IN
1194,TOYOTA Corolla 1.6 16V HATCHB LINEA TERRA 2/3-Doors,7450,75,UK
1195,TOYOTA Corolla 1.3 16V LIFTB LINEA TERRA 4/5-Doors,7950,71,IT
1196,TOYOTA Corolla 1.3i-16v Linea Terra 5d 4/5-Doors,8500,78,JP
1197,TOYOTA Corolla 1.3 16V HATCHB LINEA TERRA 2/3-Doors,6950,77,US
1198,TOYOTA Corolla 1.3 16V HATCHB LINEA TERRA AUT3 2/3-Doors,7950,78,UK
1199,TOYOTA Corolla 1.3 16V HATCHB LINEA TERRA 2/3-Doors,6750,77,JP
1200,TOYOTA Corolla 1.6 16V HATCHB LINEA LUNA 2/3-Doors,8450,70,IN
1201,TOYOTA Corolla 1.6 LB LINEA TERRA 4/5-Doors,7500,78,FR
1202,TOYOTA Corolla 2.0 DSL HATCHB LINEA TERRA 2/3-Doors,8750,74,KR
1203,TOYOTA Corolla 1.3 16V LIFTB LINEA TERRA 4/5-Doors,8750,79,US
1204,TOYOTA Corolla 1.6 16V HATCHB LINEA TERRA 2/3-Doors,8950,76,UK
1205,TOYOTA Corolla 1.3 16V HATCHB LINEA TERRA 2/3-Doors,7450,75,CN
1206,TOYOTA Corolla 1.6 16V WAGON LINEA TERRA Stationwagen,9200,69,JP
1207,TOYOTA Corolla 1.6 16V HATCHB LINEA TERRA 2/3-Doors,8950,74,KR
1208,TOYOTA Corolla 1.6 16V LIFTB LINEA LUNA 4/5-Doors,7850,72,US
1209,TOYOTA Corolla 2.0 DSL HATCHB LINEA TERRA 2/3-Doors,6950,73,IN
1210,TOYOTA Corolla 1.6 16V HATCHB S 2/3-Doors,7200,75,IT
1211,TOYOTA Corolla 1.6 16V HATCHB LINEA LUNA 2/3-Doors,7450,78,JP
1212,TOYOTA Corolla 1.3 16V HATCHB LINEA TERRA 2/3-Doors,6750,75,IN
1213,TOYOTA Corolla 1.6 16V HATCHB LINEA TERRA 2/3-Doors,7500,73,US
1214,TOYOTA Corolla 1.6 16V SEDAN LINEA TERRA 4/5-Doors,7450,72,JP
1215,TOYOTA Corolla 1.6 16V SEDAN LINEA TERRA 4/5-Doors,7950,70,KR
1216,TOYOTA Corolla 1.6 16V SEDAN LINEA TERRA 4/5-Doors,7250,78,US
1217,TOYOTA Corolla 1.3 3D Linea Terra 2/3-Doors,7950,73,ES
1218,TOYOTA Corolla 1.3 16V HATCHB LINEA TERRA 2/3-Doors,8250,80,UK
1219,TOYOTA Corolla 1.6 16V LIFTB LINEA LUNA 4/5-Doors,8250,72,KR
1220,TOYOTA Corolla 1.6 16V HATCHB LINEA LUNA 2/3-Doors,6750,80,JP
1221,TOYOTA Corolla 1.3 16V LB Linea Luna 4/5-Doors,8750,79,IT
1222,TOYOTA Corolla 1.6 HB LINEA LUNA 2/3-Doors,8950,80,IN
1223,TOYOTA Corolla 2.0 DSL LIFTB LINEA TERRA 4/5-Doors,8500,70,CN
1224,TOYOTA Corolla 1.6 16V LIFTB LINEA TERRA 4/5-Doors,8250,80,IN
1225,TOYOTA Corolla 1.6 16V HATCHB LINEA TERRA AUT4 2/3-Doors,9450,70,JP
1226,TOYOTA Corolla 1.6 16V HATCHB LINEA TERRA 2/3-Doors,7950,73,IN
1227,TOYOTA Corolla 1.6 16V HATCHB LINEA LUNA 2/3-Doors,7900,70,UK
1228,TOYOTA Corolla 1.6 16V HATCHB LINEA TERRA 2/3-Doors,8500,73,US
1229,TOYOTA Corolla 1.6 16V LIFTB LINEA TERRA 4/5-Doors,8250,79,CN
1230,TOYOTA Corolla 1.6 16V LIFTB LINEA TERRA 4/5-Doors,8250,76,DE
1231,TOYOTA Corolla 1.6 16V SEDAN LINEA TERRA 4/5-Doors,8950,73,JP
1232,TOYOTA Corolla 1.6 16V HATCHB LINEA TERRA 2/3-Doors,7950,74,FR
1233,TOYOTA Corolla 1.6 16V LIFTB LINEA LUNA 4/5-Doors,6950,80,DE
1234,TOYOTA Corolla 1.6 16v Liftback Linea Terra 4/5-Doors,7250,78,IN
1235,TOYOTA Corolla 1.6 16V WAGON LINEA TERRA Stationwagen,7750,77,JP
1236,TOYOTA Corolla 1.6 16V HATCHB LINEA LUNA 2/3-Doors,8700,75,ES
1237,TOYOTA Corolla LIFTBACK 1.6 Linea Terra Liftback 4/5-Doors,8950,80,FR
1238,TOYOTA Corolla 1.6 16V LIFTB LINEA TERRA 4/5-Doors,6750,76,CN
1239,TOYOTA Corolla 1.6 16V LIFTB LINEA TERRA 4/5-Doors,7500,71,IT
1240,TOYOTA Corolla 1.3 16V HATCHB LINEA TERRA 2/3-Doors,7950,69,ES
1241,TOYOTA Corolla 1.3 16V HATCHB LINEA TERRA AUT3 2/3-Doors,8950,71,DE
1242,TOYOTA Corolla 1.6 16V HATCHB LINEA TERRA 2/3-Doors,7950,71,US
1243,TOYOTA Corolla 1.3 16V HATCHB LINEA TERRA 2/3-Doors,7450,78,UK
1244,TOYOTA Corolla 1.3 HB LINEA TERRA 2/3-Doors,5950,78,IT
1245,TOYOTA Corolla 1.6 16V HATCHB LINEA TERRA 2/3-Doors,7750,75,ES
1246,TOYOTA Corolla 1.3 16V HATCHB LINEA TERRA 2/3-Doors,6950,77,US
1247,TOYOTA Corolla 1.3 16V LIFTB LINEA TERRA 4/5-Doors,8750,80,US
1248,TOYOTA Corolla 1.6 Linea Luna 4/5-Doors,8950,71,JP
1249,TOYOTA Corolla 1.6 16V LIFTB LINEA TERRA 4/5-Doors,7495,79,ES
1250,TOYOTA Corolla 1.6 16V LIFTB LINEA TERRA 4/5-Doors,7750,76,CN
1251,TOYOTA Corolla 1.6 VVTi Linea terra 2/3-Doors,6950,70,IN
1252,TOYOTA Corolla 1.6 16V LIFTB LINEA TERRA 4/5-Doors,7990,77,FR
1253,TOYOTA Corolla 1.6 16v Linea Terra 4/5-Doors,7250,78,FR
1254,TOYOTA Corolla 1.3 16V HATCHB LINEA TERRA 2/3-Doors,6900,69,DE
1255,TOYOTA Corolla 1.6 16V LIFTB LINEA TERRA 4/5-Doors,7750,74,DE
1256,TOYOTA Corolla 1.6 16V SEDAN LINEA TERRA 4/5-Doors,7250,78,FR
1257,TOYOTA Corolla 1.3 16V HATCHB LINEA TERRA 2/3-Doors,8950,77,CN
1258,TOYOTA Corolla 1.6 Linea Terra HB 2/3-Doors,8500,71,UK
1259,TOYOTA Corolla 1.6 16V LIFTB LINEA LUNA 4/5-Doors,7950,72,KR
1260,TOYOTA Corolla 1.3 HB LINEA TERRA 2/3-Doors,6950,77,IN
1261,TOYOTA Corolla 1.6 16V HATCHB GTSI 2/3-Doors,8000,78,UK
1262,TOYOTA Corolla 1.6 16V HATCHB LINEA LUNA 2/3-Doors,7950,75,JP
1263,TOYOTA Corolla 1.3 16V HATCHB LINEA TERRA 2/3-Doors,8500,76,KR
1264,TOYOTA Corolla 1.3 16V HATCHB LINEA TERRA 2/3-Doors,7490,73,KR
1265,TOYOTA Corolla 1.6 16V HATCHB GTSI 2/3-Doors,8250,80,ES
1266,TOYOTA Corolla 1.6 16V LIFTB LINEA TERRA 4/5-Doors,9250,71,CN
1267,TOYOTA Corolla 1.3 16V LIFTB LINEA TERRA 4/5-Doors,7950,72,CN
1268,TOYOTA Corolla 1.6 HB LINEA TERRA 2/3-Doors,9500,77,KR
1269,TOYOTA Corolla 1.6 Linea Terra Comfort H 2/3-Doors,8950,72,ES
1270,TOYOTA Corolla 1.3 Linea Terra wagon Stationwagen,8450,78,IN
1271,TOYOTA Corolla 1.6 station 1 Stationwagen,7995,79,KR
1272,TOYOTA Corolla 1.6 Linea Terra Sd 4/5-Doors,8750,78,IT
1273,TOYOTA Corolla 1.3 16V LIFTB LINEA TERRA 4/5-Doors,5950,71,DE
1274,TOYOTA Corolla 1.6 16V LIFTB LINEA LUNA 4/5-Doors,8500,73,DE
1275,TOYOTA Corolla 1.3 16V Linea Terra 4/5-Doors,8950,69,UK
1276,TOYOTA Corolla 1.3 16V SEDAN LINEA TERRA 4/5-Doors,8750,69,JP
1277,TOYOTA Corolla LIFTBACK 1.6 Linea Luna Liftback 4/5-Doors,7600,78,DE
1278,TOYOTA Corolla 1.6 16V LIFTB LINEA TERRA 4/5-Doors,7145,80,US
1279,TOYOTA Corolla 1.6 16V WAGON LINEA TERRA Stationwagen,8450,69,UK
1280,TOYOTA Corolla 1.3i LINEA TERRA 2/3-Doors,5950,75,DE
1281,TOYOTA Corolla 1.6 16V LIFTB LINEA LUNA 4/5-Doors,9000,80,JP
1282,TOYOTA Corolla 1.6 16V HATCHB LINEA TERRA 2/3-Doors,7250,80,CN
1283,TOYOTA Corolla 1.6 16V HATCHB S 2/3-Doors,7400,75,CN
1284,TOYOTA Corolla 1.6 16V LIFTB LINEA LUNA 4/5-Doors,8800,79,IN
1285,TOYOTA Corolla 1.6 16V HATCHB LINEA TERRA 2/3-Doors,7750,71,KR
1286,TOYOTA Corolla 1.3 16V HATCHB LINEA TERRA 2/3-Doors,7500,75,IT
1287,TOYOTA Corolla 1.3 SDN LINEA TERRA AUT 4/5-Doors,8450,78,CN
1288,TOYOTA Corolla 1.6 16V LIFTB LINEA TERRA 4/5-Doors,7400,75,ES
1289,TOYOTA Corolla 1.6 16V LIFTB LINEA TERRA 4/5-Doors,7500,80,DE
1290,TOYOTA Corolla 1.6 16V LIFTB LINEA LUNA 4/5-Doors,8950,76,ES
1291,TOYOTA Corolla 1.6 16V LIFTB LINEA LUNA 4/5-Doors,8950,70,JP
1292,TOYOTA Corolla 1.6 16V HATCHB LINEA TERRA 2/3-Doors,7950,77,CN
1293,TOYOTA Corolla 1.6 16V LIFTB LINEA LUNA 4/5-Doors,7950,79,IT
1294,TOYOTA Corolla 1.6 16V LIFTB LINEA TERRA 4/5-Doors,7950,78,JP
1295,TOYOTA Corolla 1.6 16V LIFTB LINEA TERRA AUT4 4/5-Doors,8950,71,US
1296,TOYOTA Corolla 1.6 16V LIFTB LINEA TERRA 4/5-Doors,7750,78,US
1297,TOYOTA Corolla 1.6 16V SEDAN LINEA TERRA 4/5-Doors,8250,78,ES
1298,TOYOTA Corolla 1.6 16V HATCHB LINEA LUNA 2/3-Doors,7950,78,KR
1299,TOYOTA Corolla 1.3 16V HATCHB LINEA TERRA 2/3-Doors,7750,77,UK
1300,TOYOTA Corolla 1.6 16V LIFTB LINEA LUNA 4/5-Doors,8500,77,KR
1301,TOYOTA Corolla 1.6 Terra LB 4/5-Doors,6950,80,IN
1302,TOYOTA Corolla 1.6 16V SEDAN LINEA TERRA 4/5-Doors,7500,80,KR
1303,TOYOTA Corolla 1.6 16V HATCHB LINEA TERRA 2/3-Doors,7750,79,IN
1304,TOYOTA Corolla 1.3 16v linea terra ,5950,79,IN
1305,TOYOTA Corolla 1.6 16V HATCHB LINEA TERRA 2/3-Doors,7500,78,IT
1306,TOYOTA Corolla 1.3 Linea Terra Hatchback 2/3-Doors,8950,72,CN
1307,TOYOTA Corolla 1.6 VVTi Linea terra 2/3-Doors,7950,76,IT
1308,TOYOTA Corolla 1.6 lb aut 4/5-Doors,6900,80,IN
1309,TOYOTA Corolla 1.6 16V HATCHB LINEA TERRA 2/3-Doors,7450,77,JP
1310,TOYOTA Corolla 1.6 16V HATCHB LINEA TERRA AUT4 2/3-Doors,8500,80,US
1311,TOYOTA Corolla 1.6 WGN LINEA TERRA Stationwagen,7500,73,IN
1312,TOYOTA Corolla 1.6 16V HATCHB LINEA TERRA 2/3-Doors,8750,77,IT
1313,TOYOTA Corolla 1.6 16V HATCHB LINEA TERRA 2/3-Doors,7500,76,JP
1314,TOYOTA Corolla 1.6 16V LIFTB LINEA TERRA 4/5-Doors,9950,80,IT
1315,TOYOTA Corolla 1.3 HB Linea Terra 2/3-Doors,7950,75,KR
1316,TOYOTA Corolla 1.6 16V LIFTB LINEA TERRA 4/5-Doors,9950,75,DE
1317,TOYOTA Corolla 1.6 16V LIFTB LINEA LUNA 4/5-Doors,9250,78,ES
1318,TOYOTA Corolla 1.3 16V LIFTB LINEA TERRA 4/5-Doors,9250,73,UK
1319,TOYOTA Corolla 1.6 16V WAGON LINEA TERRA Stationwagen,9950,79,IT
1320,TOYOTA Corolla 1.6 16V HATCHB LINEA TERRA 2/3-Doors,5950,74,UK
1321,TOYOTA Corolla 1.6 16V LIFTBACK LINEA LUNA 4/5-Doors,7995,76,FR
1322,TOYOTA Corolla 1.3 16V HATCHB LINEA TERRA AUT3 2/3-Doors,8950,70,IT
1323,TOYOTA Corolla 1.3 16V SEDAN LINEA TERRA 4/5-Doors,7450,75,DE
1324,TOYOTA Corolla 1.3 16V LIFTB LINEA TERRA 4/5-Doors,8250,76,UK
1325,TOYOTA Corolla 1.6 16V WAGON LINEA TERRA Stationwagen,8500,78,IN
1326,TOYOTA Corolla 1.6 16V LIFTB LINEA LUNA 4/5-Doors,8500,70,IT
1327,TOYOTA Corolla 2.0 DSL HATCHB LINEA TERRA 2/3-Doors,9400,69,CN
1328,TOYOTA Corolla 1.6 16V HATCHB LINEA LUNA 2/3-Doors,7250,80,ES
1329,TOYOTA Corolla 1.6 16V LIFTB LINEA LUNA 4/5-Doors,8950,79,DE
1330,TOYOTA Corolla 1.6 16V LIFTB LINEA LUNA 4/5-Doors,9450,80,UK
1331,TOYOTA Corolla 1.6HB 2/3-Doors,8500,74,DE
1332,TOYOTA Corolla 1.3 16V HATCHB LINEA TERRA 2/3-Doors,6750,80,JP
1333,TOYOTA Corolla 1.6 16V LIFTB LINEA TERRA 4/5-Doors,7400,80,ES
1334,TOYOTA Corolla 1.3 16V HATCHB LINEA TERRA 2/3-Doors,8950,78,IN
1335,TOYOTA Corolla 1.6 16V HATCHB LINEA LUNA 2/3-Doors,6900,80,IT
1336,TOYOTA Corolla 1.3 16V HATCHB LINEA TERRA 2/3-Doors,7750,79,IT
1337,TOYOTA Corolla 2.0 DSL HATCHB LINEA TERRA 2/3-Doors,8950,71,IT
1338,TOYOTA Corolla 1.3 16V HATCHB LINEA TERRA 2/3-Doors,6950,75,ES
1339,TOYOTA Corolla 1.6 16V SEDAN LINEA TERRA 4/5-Doors,8495,77,CN
1340,TOYOTA Corolla 1.6 16V HATCHB LINEA LUNA AUT4 2/3-Doors,10000,75,FR
1341,TOYOTA Corolla 1.6 16V LIFTB LINEA TERRA 4/5-Doors,6999,71,US
1342,TOYOTA Corolla 1.6 16V HATCHB LINEA LUNA 2/3-Doors,8950,80,KR
1343,TOYOTA Corolla 1.6 Linea Terra Sedan 4/5-Doors,8500,79,UK
1344,TOYOTA Corolla 1.6 16V SEDAN LINEA TERRA 4/5-Doors,8750,75,CN
1345,TOYOTA Corolla Hatchback 1.6 Terra Comfort 2/3-Doors,7499,80,IN
1346,TOYOTA Corolla 1.6 16V SEDAN LINEA TERRA 4/5-Doors,9000,80,UK
1347,TOYOTA Corolla 1.6 16V HATCHB LINEA TERRA 2/3-Doors,8950,77,IT
1348,TOYOTA Corolla 1.6 16V LIFTB LINEA LUNA 4/5-Doors,6950,80,DE
1349,TOYOTA Corolla 1.6 16V LIFTB LINEA LUNA 4/5-Doors,8500,77,IN
1350,TOYOTA Corolla 1.3 16V LIFTB LINEA TERRA AUT3 4/5-Doors,8450,77,UK
1351,TOYOTA Corolla 1.6 16V LIFTB LINEA TERRA 4/5-Doors,8950,74,IT
1352,TOYOTA Corolla 1.6 16V LIFTB LINEA TERRA 4/5-Doors,8250,77,UK
1353,TOYOTA Corolla 1.3 16V Linea Terra Liftb 4/5-Doors,7950,75,DE
1354,TOYOTA Corolla 1.6 16V SEDAN LINEA TERRA 4/5-Doors,7450,70,IT
1355,TOYOTA Corolla 1.6 16V HATCHB LINEA TERRA AUT4 2/3-Doors,9000,79,FR
1356,TOYOTA Corolla 1.6 16V SEDAN LINEA TERRA 4/5-Doors,7150,70,CN
1357,TOYOTA Corolla 1.6 16V SEDAN LINEA TERRA 4/5-Doors,7750,76,JP
1358,TOYOTA Corolla 1.3 I LUNA 2/3-Doors,5845,70,KR
1359,TOYOTA Corolla 1.6 16V LIFTB LINEA LUNA 4/5-Doors,8500,72,ES
1360,TOYOTA Corolla 1.6 LB LINEA LUNA 4/5-Doors,8250,80,KR
1361,TOYOTA Corolla 1.6 Linea Terra Comfort 2/3-Doors,9450,79,IN
1362,TOYOTA Corolla 1.6 16V HATCHB LINEA TERRA 2/3-Doors,6750,69,KR
1363,TOYOTA Corolla 1.6 16V HATCHB LINEA TERRA 2/3-Doors,8400,77,IT
1364,TOYOTA Corolla 1.6 16V HATCHB LINEA TERRA 2/3-Doors,7900,76,FR
1365,TOYOTA Corolla 1.6 16V HATCHBACK LINEA LUNA 2/3-Doors,7950,76,JP
1366,TOYOTA Corolla 1.6 16V WAGON LINEA TERRA Stationwagen,8750,80,CN
1367,TOYOTA Corolla 1.6 16V HATCHB LINEA TERRA 2/3-Doors,9900,73,CN
1368,TOYOTA Corolla 1.6 16V SEDAN LINEA TERRA 4/5-Doors,6495,71,DE
1369,TOYOTA Corolla 1.6 16V HATCHB LINEA TERRA AUT4 2/3-Doors,8250,70,ES
1370,TOYOTA Corolla 1.6 16V HATCHB LINEA TERRA 2/3-Doors,6900,69,UK
1371,TOYOTA Corolla 1.3 16V HATCHB LINEA TERRA 2/3-Doors,7500,74,FR
1372,TOYOTA Corolla 1.3 16V SEDAN LINEA TERRA AUT3 4/5-Doors,7950,75,UK
1373,TOYOTA Corolla LIFTBACK 1.6 Linea terra 4/5-Doors,8250,80,JP
1374,TOYOTA Corolla 1.6 VVTi Linea Luna 2/3-Doors,8950,80,KR
1375,TOYOTA Corolla 1.6 HB LINEA LUNA 2/3-Doors,9750,70,CN
1376,TOYOTA Corolla 1.3 16V HATCHB LINEA TERRA 2/3-Doors,8250,80,JP
1377,TOYOTA Corolla 1.6 16V LIFTB LINEA LUNA 4/5-Doors,8900,78,KR
1378,TOYOTA Corolla 1.3 16V WAGON LINEA TERRA Stationwagen,8950,75,CN
1379,TOYOTA Corolla 1.6 16V HATCHB LINEA TERRA 2/3-Doors,6750,76,KR
1380,TOYOTA Corolla 1.6 16V LIFTB LINEA TERRA 4/5-Doors,7950,75,ES
1381,TOYOTA Corolla 1.3 16V HATCHB G6 2/3-Doors,8600,69,FR
1382,TOYOTA Corolla 1.3 16V SEDAN LINEA TERRA 4/5-Doors,7750,80,IN
1383,TOYOTA Corolla 1.6 16V HATCHB S 2/3-Doors,7800,73,JP
1384,TOYOTA Corolla 1.6 16V HATCHB LINEA TERRA 2/3-Doors,8750,73,JP
1385,TOYOTA Corolla 1.3 16V Linea Terra Liftb 2/3-Doors,9500,79,US
1386,TOYOTA Corolla 1.6 16V SEDAN LINEA TERRA 4/5-Doors,7750,74,IT
1387,TOYOTA Corolla 1.6 16V LIFTB LINEA LUNA 4/5-Doors,9950,79,ES
1388,TOYOTA Corolla 1.3 16V HATCHB LINEA TERRA 2/3-Doors,7750,77,ES
1389,TOYOTA Corolla 1.6 16V HATCHB LINEA TERRA 2/3-Doors,5950,69,UK
1390,TOYOTA Corolla 1.6 16V LIFTB LINEA TERRA 4/5-Doors,10950,76,KR
1391,TOYOTA Corolla 1.6 SDN LINEA TERRA 4/5-Doors,9450,77,IT
1392,TOYOTA Corolla 1.6 16V HATCHB LINEA TERRA 2/3-Doors,8250,80,FR
1393,TOYOTA Corolla 1.6 16V LIFTB LINEA TERRA 4/5-Doors,9750,69,FR
1394,TOYOTA Corolla 1.6 LB LINEA TERRA 4/5-Doors,7450,78,ES
1395,TOYOTA Corolla 1.6 LL HB 4/5-Doors,8750,75,FR
1396,TOYOTA Corolla 1.6 16V HATCHB LINEA TERRA 2/3-Doors,8750,69,US
1397,TOYOTA Corolla 1.6 16V SEDAN LINEA TERRA AUT4 4/5-Doors,8500,73,JP
1398,TOYOTA Corolla 1.3 16V SEDAN LINEA TERRA 4/5-Doors,8950,70,DE
1399,TOYOTA Corolla 1.3 16V LIFTB LINEA TERRA 4/5-Doors,7500,79,IN
1400,TOYOTA Corolla 1.6 16V SEDAN LINEA TERRA 4/5-Doors,7250,69,UK
1401,TOYOTA Corolla 1.6 16V SEDAN LINEA TERRA 4/5-Doors,7450,80,KR
1402,TOYOTA Corolla 1.3 HB LINEA TERRA AUT Anders,8750,76,IN
1403,TOYOTA Corolla 1.6 16V HATCHB LINEA LUNA 2/3-Doors,9800,77,KR
1404,TOYOTA Corolla 1.3 16V HATCHB LINEA TERRA 2/3-Doors,7500,71,CN
1405,TOYOTA Corolla 1.6 16V LIFTB LINEA LUNA 4/5-Doors,8950,75,IN
1406,TOYOTA Corolla LIFTBACK 1.3i Linea Terra Liftback 4/5-Doors,8950,74,DE
1407,TOYOTA Corolla LIFTBACK 1.6 Linea terra 4/5-Doors,7450,70,ES
1408,TOYOTA Corolla 1.6 LB LINEA LUNA 4/5-Doors,8950,71,US
1409,TOYOTA Corolla 1.3 16V LIFTB LINEA LUNA 4/5-Doors,10500,78,JP
1410,TOYOTA Corolla 1.3 16V HATCHB 2/3-Doors,7000,73,JP
1411,TOYOTA Corolla 1.6 16V HATCHB LINEA TERRA 2/3-Doors,8500,77,US
1412,TOYOTA Corolla 1.3 16V LIFTB LINEA TERRA 4/5-Doors,7750,76,IT
1413,TOYOTA Corolla 1.6 16V HATCHB LINEA TERRA 2/3-Doors,8950,70,CN
1414,TOYOTA Corolla 1.6 GL LB 4/5-Doors,8250,69,KR
1415,TOYOTA Corolla 1.6 16V HATCHB GTSI 2/3-Doors,9250,80,DE
1416,TOYOTA Corolla 1.6 16V LIFTB LINEA TERRA 4/5-Doors,7900,75,FR
1417,TOYOTA Corolla 1.3 16V SEDAN LINEA TERRA 4/5-Doors,8500,78,IN
1418,TOYOTA Corolla 1.6 16V LIFTB LINEA TERRA 4/5-Doors,7950,76,CN
1419,TOYOTA Corolla 1.6 16V HATCHB LINEA TERRA 2/3-Doors,9950,69,IN
1420,TOYOTA Corolla 1.6 16V LIFTB LINEA TERRA AUT4 4/5-Doors,8750,74,DE
1421,TOYOTA Corolla 1.6 16V HATCHB LINEA TERRA 2/3-Doors,7500,80,UK
1422,TOYOTA Corolla 1.6 16V HATCHB LINEA TERRA 2/3-Doors,6950,72,UK
1423,TOYOTA Corolla 1.6 LB 4/5-Doors,8950,79,CN
1424,TOYOTA Corolla 1.6 16V HATCHB LINEA TERRA AUT4 2/3-Doors,8750,79,ES
1425,TOYOTA Corolla 1.3 16V HATCHB LINEA TERRA 2/3-Doors,7750,73,DE
1426,TOYOTA Corolla 1.6 16V HATCHB LINEA TERRA 2/3-Doors,8450,75,DE
1427,TOYOTA Corolla 1.6 SDN LINEA TERRA AUT 4/5-Doors,8150,76,US
1428,TOYOTA Corolla 1.3 16V HATCHB LINEA TERRA AUT3 2/3-Doors,8500,78,ES
1429,TOYOTA Corolla 1.6 16V HATCHB LINEA TERRA 2/3-Doors,7600,78,KR
1430,TOYOTA Corolla 1.3 HB LINEA TERRA AUT 2/3-Doors,7950,80,KR
1431,TOYOTA Corolla 1.3 3D Linea Terra 2/3-Doors,7750,73,FR
1432,TOYOTA Corolla 1.3 Linea Terra sedan 4/5-Doors,7950,80,JP
1433,TOYOTA Corolla 1.6 Lin.Terra Aut. 2/3-Doors,9950,78,UK
1434,TOYOTA Corolla 1.3 16V HATCHB LINEA TERRA AUT3 2/3-Doors,8950,71,KR
1435,TOYOTA Corolla 1.3 16V HATCHB LINEA TERRA 2/3-Doors,8450,72,ES
1436,TOYOTA Corolla 1.3 Linea Terra 4/5-Doors,8950,78,DE
1437,TOYOTA Corolla 1.3 16V HATCHB LINEA TERRA 2/3-Doors,8450,80,KR
1438,TOYOTA Corolla 1.3 16V HATCHB G6 2/3-Doors,7500,69,DE
1439,TOYOTA Corolla 1.3 16V HATCHB LINEA TERRA 2/3-Doors,10845,72,KR
1440,TOYOTA Corolla 1.3 16V HATCHB LINEA TERRA 2/3-Doors,8500,71,UK
1441,TOYOTA Corolla 1.3 16V HATCHB LINEA TERRA 2/3-Doors,7250,70,IN
1442,TOYOTA Corolla 1.6 LB LINEA TERRA 4/5-Doors,6950,76,KR
